City,Date time,PM2.5,PM10,NO2,CO,SO2
Hồ Chí Minh ,1/21/2021 19:00,102,0,,,
Hà Nội,1/21/2021 20:00,,0,,,
Hà Nội,1/21/2021 20:00,281,0,8.7,0.3,2.1
Gia Lai,1/21/2021 20:00,36,29,6,3,1
Thừa Thiên Huế,1/21/2021 19:00,68,52,,2,
Hà Nội,1/21/2021 19:00,217,194,65,12,2
Bắc Ninh,1/21/2021 20:00,195,119,17,8,3
Lào Cai,1/21/2021 20:00,168,65,2,37,17
Hạ Long,1/21/2021 19:00,48,25,11,,
Quảng Ninh,1/21/2021 5:00,18,12,5,5,3
Bắc Ninh,1/21/2021 20:00,251,155,52,7,6
Bắc Ninh,1/21/2021 20:00,315,205,48,7,12
Hà Nội,1/21/2021 19:00,224,185,80,61,
Hà Nội,1/21/2021 19:00,177,112,42,20,
Hà Nội,1/21/2021 19:00,179,122,47,14,
Hà Nội,1/21/2021 19:00,214,149,36,19,1
Đà Nẵng,1/21/2021 19:00,,,1,3,5
Nha Trang,1/21/2021 20:00,,,13,7,3
Hà Nội,1/21/2021 19:00,213,175,34,31,
Hà Nội,1/21/2021 19:00,166,105,33,13,
Hà Nội,1/21/2021 19:00,221,177,31,38,
Hà Nội,1/21/2021 20:00,191,130,,17,
Cao Bằng,1/21/2021 21:00,213,204,,,2
Hồ Chí Minh ,1/22/2021 13:00,122,0,,,
Hà Nội,1/22/2021 13:00,,0,,,
Hà Nội,1/22/2021 13:00,189,0,8.7,0.1,3.1
Gia Lai,1/22/2021 13:00,17,18,13,4,1
Thừa Thiên Huế,1/22/2021 13:00,68,52,,2,
Hà Nội,1/22/2021 12:00,189,156,42,12,2
Bắc Ninh,1/22/2021 13:00,164,88,14,5,17
Lào Cai,1/22/2021 13:00,131,24,3,38,22
Hạ Long,1/22/2021 13:00,49,26,14,,
Quảng Ninh,1/22/2021 12:00,38,24,14,6,24
Bắc Ninh,1/22/2021 13:00,235,138,25,5,19
Bắc Ninh,1/22/2021 13:00,252,157,15,2,15
Hà Nội,1/22/2021 12:00,191,157,47,48,
Hà Nội,1/22/2021 12:00,161,90,31,9,
Hà Nội,1/22/2021 12:00,164,114,30,7,
Hà Nội,1/22/2021 12:00,183,126,20,9,1
Đà Nẵng,1/22/2021 13:00,,,1,2,6
Nha Trang,1/22/2021 13:00,,,4,2,3
Hà Nội,1/22/2021 12:00,186,151,25,14,
Hà Nội,1/22/2021 12:00,158,94,20,7,
Hà Nội,1/22/2021 12:00,188,152,37,17,
Hà Nội,1/22/2021 12:00,159,95,,9,
Cao Bằng,1/22/2021 13:00,208,212,,,2
Hồ Chí Minh ,1/23/2021 15:00,114,0,,,
Hà Nội,1/23/2021 14:00,,0,,,
Hà Nội,1/23/2021 13:00,189,0,8.7,0.2,4.6
Gia Lai,1/23/2021 15:00,26,25,12,4,1
Thừa Thiên Huế,1/23/2021 15:00,68,52,,2,
Hà Nội,1/23/2021 13:00,169,123,28,11,2
Bắc Ninh,1/23/2021 11:00,176,102,16,9,4
Lào Cai,1/23/2021 15:00,151,55,2,40,150
Hạ Long,1/23/2021 15:00,65,34,9,,
Quảng Ninh,1/23/2021 14:00,51,29,8,7,14
Bắc Ninh,1/23/2021 15:00,226,136,20,6,6
Bắc Ninh,1/23/2021 15:00,214,128,13,1,16
Hà Nội,1/23/2021 13:00,170,130,37,40,
Hà Nội,1/23/2021 13:00,149,81,33,7,
Hà Nội,1/23/2021 13:00,157,92,35,9,
Hà Nội,1/23/2021 13:00,160,106,23,10,1
Đà Nẵng,1/23/2021 15:00,,,1,3,6
Nha Trang,1/23/2021 15:00,,,2,2,3
Hà Nội,1/23/2021 13:00,167,123,20,13,
Hà Nội,1/23/2021 13:00,151,83,23,12,
Hà Nội,1/23/2021 13:00,168,121,31,11,
Hà Nội,1/23/2021 13:00,155,89,,11,
Cao Bằng,1/23/2021 15:00,194,340,,,2
Hồ Chí Minh ,1/25/2021 19:00,80,0,,,
Hà Nội,1/25/2021 19:00,,0,,,
Hà Nội,1/25/2021 19:00,139,0,12.8,0.2,1.6
Gia Lai,1/25/2021 19:00,70,53,17,6,2
Thừa Thiên Huế,1/25/2021 15:00,29,24,,1,
Hà Nội,1/25/2021 18:00,147,95,23,23,2
Bắc Ninh,1/23/2021 11:00,176,102,16,9,4
Lào Cai,1/25/2021 19:00,127,56,2,36,23
Hạ Long,1/25/2021 19:00,32,17,18,,
Quảng Ninh,1/25/2021 18:00,11,7,29,5,7
Bắc Ninh,1/25/2021 19:00,137,91,46,5,3
Bắc Ninh,1/25/2021 19:00,116,66,17,4,5
Hà Nội,1/25/2021 18:00,150,102,48,51,
Hà Nội,1/25/2021 18:00,106,66,11,5,
Hà Nội,1/25/2021 18:00,132,77,26,13,
Hà Nội,1/25/2021 18:00,145,84,15,6,1
Đà Nẵng,1/25/2021 19:00,,,1,9,6
Nha Trang,1/25/2021 19:00,,,3,2,3
Hà Nội,1/25/2021 18:00,146,102,24,15,
Hà Nội,1/25/2021 18:00,108,61,10,9,
Hà Nội,1/25/2021 18:00,151,104,23,17,
Hà Nội,1/25/2021 18:00,109,61,,8,
Cao Bằng,1/25/2021 19:00,174,185,,,1
Hồ Chí Minh ,1/26/2021 16:00,137,0,,,
Hà Nội,1/26/2021 16:00,,0,,,
Hà Nội,1/26/2021 16:00,134,0,10.1,0.1,1.6
Gia Lai,1/26/2021 16:00,26,25,9,3,1
Thừa Thiên Huế,1/26/2021 15:00,17,21,,2,
Hà Nội,1/26/2021 15:00,126,87,23,12,2
Bắc Ninh,1/23/2021 11:00,176,102,16,9,4
Lào Cai,1/26/2021 16:00,103,65,3,42,33
Hạ Long,1/26/2021 15:00,44,23,5,,
Quảng Ninh,1/26/2021 15:00,20,12,18,4,7
Bắc Ninh,1/26/2021 16:00,75,55,10,2,2
Bắc Ninh,1/26/2021 16:00,92,59,4,3,3
Hà Nội,1/26/2021 15:00,117,82,27,15,
Hà Nội,1/26/2021 15:00,73,51,11,4,
Hà Nội,1/26/2021 15:00,86,56,25,6,
Hà Nội,1/26/2021 14:00,104,64,22,5,1
Đà Nẵng,1/26/2021 16:00,,,1,3,6
Nha Trang,1/26/2021 16:00,,,2,1,3
Hà Nội,1/26/2021 15:00,113,83,14,8,
Hà Nội,1/26/2021 15:00,71,47,8,5,
Hà Nội,1/26/2021 15:00,117,69,20,8,
Hà Nội,1/26/2021 15:00,79,55,,6,
Cao Bằng,1/26/2021 16:00,188,186,,,1
Hồ Chí Minh ,1/27/2021 15:00,117,0,,,
Hà Nội,1/27/2021 15:00,,0,,,
Hà Nội,1/27/2021 15:00,109,0,15.6,0.2,2.1
Gia Lai,1/27/2021 15:00,14,14,3,2,1
Thừa Thiên Huế,1/27/2021 15:00,17,21,,1,
Hà Nội,1/27/2021 14:00,87,71,19,13,2
Bắc Ninh,1/27/2021 15:00,67,53,9,2,3
Lào Cai,1/27/2021 15:00,28,63,1,41,60
Hạ Long,1/27/2021 14:00,45,26,5,,
Quảng Ninh,1/27/2021 14:00,22,13,18,6,7
Bắc Ninh,1/27/2021 15:00,142,77,34,5,11
Bắc Ninh,1/27/2021 15:00,106,60,5,4,3
Hà Nội,1/27/2021 14:00,88,58,50,48,
Hà Nội,1/27/2021 14:00,71,47,13,4,
Hà Nội,1/27/2021 14:00,63,46,21,5,
Hà Nội,1/27/2021 14:00,80,53,12,5,1
Đà Nẵng,1/27/2021 15:00,,,1,9,6
Nha Trang,1/27/2021 15:00,,,4,2,3
Hà Nội,1/27/2021 14:00,84,64,8,5,
Hà Nội,1/27/2021 14:00,72,47,8,5,
Hà Nội,1/27/2021 14:00,82,56,19,9,
Hà Nội,1/27/2021 14:00,65,46,,4,
Cao Bằng,1/27/2021 15:00,191,199,,,1
Hồ Chí Minh ,1/29/2021 14:00,91,0,,,
Hà Nội,1/29/2021 15:00,,0,,,
Hà Nội,1/29/2021 15:00,164,0,14.2,0.2,5.1
Gia Lai,1/29/2021 15:00,30,22,5,2,2
Thừa Thiên Huế,1/29/2021 14:00,35,20,,2,
Hà Nội,1/29/2021 14:00,141,99,24,12,1
Bắc Ninh,1/29/2021 14:00,75,55,19,5,13
Lào Cai,1/29/2021 15:00,113,53,3,30,46
Hạ Long,1/29/2021 14:00,46,31,5,,
Quảng Ninh,1/29/2021 13:00,16,12,22,6,20
Bắc Ninh,1/29/2021 14:00,118,70,32,5,25
Bắc Ninh,1/29/2021 14:00,119,74,12,3,9
Hà Nội,1/29/2021 14:00,145,98,54,38,
Hà Nội,1/29/2021 14:00,96,60,22,6,
Hà Nội,1/29/2021 14:00,106,64,30,10,
Hà Nội,1/29/2021 14:00,134,74,18,6,1
Đà Nẵng,1/29/2021 14:00,,,1,6,6
Nha Trang,1/29/2021 14:00,,,5,4,3
Hà Nội,1/29/2021 14:00,139,97,15,10,
Hà Nội,1/29/2021 14:00,94,61,16,10,
Hà Nội,1/29/2021 14:00,138,96,28,18,
Hà Nội,1/29/2021 14:00,99,65,,10,
Cao Bằng,1/29/2021 15:00,139,126,,,1
Hồ Chí Minh ,1/30/2021 21:00,87,0,,,
Hà Nội,1/30/2021 22:00,,0,,,
Hà Nội,1/30/2021 21:00,215,0,13.3,0.2,3.1
Gia Lai,1/30/2021 22:00,32,22,3,2,2
Thừa Thiên Huế,1/30/2021 22:00,21,20,,1,
Hà Nội,1/30/2021 19:00,183,160,29,13,1
Bắc Ninh,1/30/2021 22:00,137,71,19,7,4
Lào Cai,1/30/2021 22:00,175,69,7,38,150
Hạ Long,1/30/2021 21:00,54,28,5,,
Quảng Ninh,1/30/2021 21:00,12,8,12,5,99
Bắc Ninh,1/30/2021 22:00,182,99,27,6,3
Bắc Ninh,1/30/2021 22:00,119,74,21,3,4
Hà Nội,1/30/2021 20:00,192,147,48,34,
Hà Nội,1/30/2021 20:00,161,102,34,13,
Hà Nội,1/30/2021 20:00,178,118,49,17,
Hà Nội,1/30/2021 20:00,186,128,31,17,2
Đà Nẵng,1/30/2021 21:00,,,1,13,6
Nha Trang,1/30/2021 22:00,,,2,2,3
Hà Nội,1/30/2021 20:00,189,158,35,15,
Hà Nội,1/30/2021 20:00,156,104,35,15,
Hà Nội,1/30/2021 20:00,191,161,45,20,
Hà Nội,1/30/2021 20:00,176,112,,16,
Cao Bằng,1/30/2021 22:00,189,168,,,1
Hồ Chí Minh ,1/31/2021 23:00,59,,,,
Hà Nội,1/31/2021 22:00,,,,,
Hà Nội,1/31/2021 22:00,117,0,9.2,0.1,1.6
Gia Lai,1/31/2021 23:00,20,17,3,1,2
Thừa Thiên Huế,1/31/2021 23:00,19,27,,1,
Hà Nội,1/31/2021 21:00,180,131,23,17,1
Bắc Ninh,1/31/2021 23:00,60,39,14,3,2
Lào Cai,1/31/2021 23:00,135,65,3,30,22
Hạ Long,1/31/2021 23:00,33,17,5,,
Quảng Ninh,1/31/2021 22:00,10,7,43,5,99
Bắc Ninh,1/31/2021 22:00,97,60,30,3,5
Bắc Ninh,1/31/2021 23:00,119,74,14,2,2
Hà Nội,1/31/2021 21:00,175,121,40,41,
Hà Nội,1/31/2021 21:00,140,71,19,5,
Hà Nội,1/31/2021 21:00,140,82,24,9,
Hà Nội,1/31/2021 20:00,184,111,21,8,1
Đà Nẵng,1/31/2021 23:00,,,1,7,6
Nha Trang,1/31/2021 23:00,,,11,3,4
Hà Nội,1/31/2021 21:00,179,132,23,14,
Hà Nội,1/31/2021 21:00,159,88,12,7,
Hà Nội,1/31/2021 21:00,183,132,28,19,
Hà Nội,1/31/2021 21:00,150,78,,7,
Cao Bằng,1/31/2021 23:00,177,117,,,1
Hồ Chí Minh ,2/3/2021 0:00,59,,,,
Hà Nội,2/3/2021 0:00,,,,,
Hà Nội,2/3/2021 0:00,161,0,12.8,0.1,4.6
Gia Lai,2/3/2021 0:00,24,16,2,1,2
Thừa Thiên Huế,2/3/2021 0:00,54,42,,1,
Hà Nội,2/2/2021 21:00,111,78,28,18,1
Bắc Ninh,2/2/2021 10:00,34,28,15,2,2
Lào Cai,2/3/2021 0:00,155,68,4,28,19
Hạ Long,2/2/2021 23:00,43,22,,,
Quảng Ninh,2/2/2021 23:00,5,3,9,5,99
Bắc Ninh,2/2/2021 10:00,115,68,27,3,3
Bắc Ninh,2/2/2021 11:00,119,74,7,3,4
Hà Nội,2/2/2021 21:00,144,98,38,40,
Hà Nội,2/2/2021 21:00,97,56,16,6,
Hà Nội,2/2/2021 21:00,95,59,36,10,
Hà Nội,2/2/2021 21:00,113,70,18,4,1
Đà Nẵng,2/2/2021 23:00,,,1,3,6
Nha Trang,2/3/2021 0:00,,,7,2,3
Hà Nội,2/2/2021 21:00,119,81,23,17,
Hà Nội,2/2/2021 21:00,98,57,12,7,
Hà Nội,2/2/2021 21:00,131,94,26,21,
Hà Nội,2/2/2021 21:00,105,61,,7,
Cao Bằng,2/2/2021 17:00,53,83,,,1
Hồ Chí Minh ,2/3/2021 21:00,76,,,,
Hà Nội,2/3/2021 21:00,,,,,
Hà Nội,2/3/2021 21:00,93,0,11.5,0.1,4.6
Gia Lai,2/3/2021 21:00,37,28,5,2,2
Thừa Thiên Huế,2/3/2021 21:00,30,32,,2,
Hà Nội,2/3/2021 20:00,108,67,22,13,1
Bắc Ninh,2/3/2021 21:00,40,31,6,1,2
Lào Cai,2/3/2021 21:00,183,90,6,31,54
Hạ Long,2/3/2021 21:00,45,23,,,
Quảng Ninh,2/3/2021 20:00,5,3,10,6,99
Bắc Ninh,2/3/2021 7:00,86,53,9,2,2
Bắc Ninh,2/3/2021 21:00,119,74,4,3,1
Hà Nội,2/3/2021 20:00,102,76,35,38,
Hà Nội,2/3/2021 20:00,82,52,9,4,
Hà Nội,2/3/2021 20:00,83,56,27,6,
Hà Nội,2/3/2021 20:00,103,60,14,2,1
Đà Nẵng,2/3/2021 21:00,,,1,13,6
Nha Trang,2/3/2021 21:00,,,2,1,3
Hà Nội,2/3/2021 20:00,98,74,25,14,
Hà Nội,2/3/2021 20:00,75,56,7,5,
Hà Nội,2/3/2021 20:00,102,76,27,20,
Hà Nội,2/3/2021 20:00,74,53,,5,
Cao Bằng,2/2/2021 17:00,53,83,,,1
Hồ Chí Minh ,2/5/2021 14:00,137,,,,
Hà Nội,2/5/2021 14:00,,,,,
Hà Nội,2/5/2021 13:00,124,0,19.2,0.1,4.6
Gia Lai,2/5/2021 14:00,14,12,5,2,1
Thừa Thiên Huế,2/5/2021 14:00,38,90,,3,
Hà Nội,2/5/2021 13:00,114,81,18,9,1
Bắc Ninh,2/5/2021 14:00,50,40,9,2,3
Lào Cai,2/5/2021 14:00,54,14,4,31,59
Hạ Long,2/5/2021 13:00,31,22,,,
Quảng Ninh,2/5/2021 13:00,8,5,14,4,99
Bắc Ninh,2/5/2021 14:00,96,58,4,2,4
Bắc Ninh,2/5/2021 14:00,,,2,2,2
Hà Nội,2/5/2021 13:00,123,82,25,18,
Hà Nội,2/5/2021 13:00,82,51,15,4,
Hà Nội,2/5/2021 13:00,89,60,23,5,
Hà Nội,2/5/2021 13:00,104,68,14,1,1
Đà Nẵng,2/5/2021 14:00,,,1,8,6
Nha Trang,2/5/2021 14:00,,,4,2,3
Hà Nội,2/5/2021 13:00,112,69,14,13,
Hà Nội,2/5/2021 13:00,78,52,8,4,
Hà Nội,2/5/2021 13:00,116,80,17,15,
Hà Nội,2/5/2021 13:00,94,58,,6,
Cao Bằng,2/5/2021 14:00,90,99,,,1
Hồ Chí Minh ,2/6/2021 17:00,91,,,,
Hà Nội,2/6/2021 18:00,,,,,
Hà Nội,2/6/2021 11:00,139,0,20.6,0.2,5.1
Gia Lai,2/6/2021 18:00,25,25,4,2,1
Thừa Thiên Huế,2/6/2021 18:00,39,69,,2,
Hà Nội,2/6/2021 17:00,85,60,14,7,2
Bắc Ninh,2/6/2021 18:00,75,77,12,4,2
Lào Cai,2/6/2021 18:00,45,8,2,32,41
Hạ Long,2/6/2021 14:00,22,13,,,
Quảng Ninh,2/6/2021 17:00,5,4,10,4,99
Bắc Ninh,2/6/2021 18:00,149,84,6,3,4
Bắc Ninh,2/6/2021 18:00,,,6,3,2
Hà Nội,2/6/2021 17:00,85,67,34,35,
Hà Nội,2/6/2021 17:00,61,47,8,4,
Hà Nội,2/6/2021 17:00,64,51,30,9,
Hà Nội,2/6/2021 17:00,73,62,23,2,1
Đà Nẵng,2/6/2021 17:00,,,1,14,6
Nha Trang,2/6/2021 17:00,,,2,3,4
Hà Nội,2/6/2021 17:00,85,67,19,11,
Hà Nội,2/6/2021 17:00,55,40,7,6,
Hà Nội,2/6/2021 17:00,85,68,23,18,
Hà Nội,2/6/2021 17:00,59,43,,6,
Cao Bằng,2/6/2021 18:00,162,121,,,1
Hồ Chí Minh ,2/9/2021 15:00,102,,,,
Hà Nội,2/9/2021 15:00,,,,,
Hà Nội,2/9/2021 15:00,70,0,9.6,0.1,3.6
Gia Lai,2/9/2021 15:00,24,21,12,6,1
Thừa Thiên Huế,2/9/2021 15:00,16,12,,1,
Hà Nội,2/9/2021 14:00,46,43,25,8,1
Bắc Ninh,2/9/2021 15:00,17,9,9,3,2
Lào Cai,2/9/2021 15:00,91,45,2,44,70
Hạ Long,2/6/2021 15:00,22,13,,,
Quảng Ninh,2/9/2021 14:00,1,1,5,6,3.8
Bắc Ninh,2/9/2021 15:00,14,8,1,3,1
Bắc Ninh,2/9/2021 15:00,,,3,4,1
Hà Nội,2/9/2021 14:00,46,44,13,10,
Hà Nội,2/9/2021 14:00,32,21,9,5,
Hà Nội,2/9/2021 14:00,38,26,12,5,
Hà Nội,2/9/2021 14:00,40,29,15,4,1
Đà Nẵng,2/9/2021 15:00,,,1,5,6
Nha Trang,2/9/2021 15:00,,,1,1,4
Hà Nội,2/9/2021 14:00,43,41,8,6,
Hà Nội,2/9/2021 14:00,34,28,7,5,
Hà Nội,2/9/2021 14:00,46,44,12,7,
Hà Nội,2/9/2021 14:00,42,28,,5,
Cao Bằng,2/9/2021 15:00,30,21,,,
Hồ Chí Minh ,2/14/2021 20:00,63,,,,
Hà Nội,2/14/2021 21:00,0,0,,13,0
Hà Nội,2/14/2021 20:00,167,0,11.9,0.1,4.6
Gia Lai,2/11/2021 16:00,21,15,7,3,1
Thừa Thiên Huế,2/14/2021 21:00,59,51,,1,
Hà Nội,2/14/2021 18:00,94,67,21,7,2
Bắc Ninh,2/14/2021 20:00,86,49,7,3,2
Lào Cai,2/14/2021 21:00,112,44,1,34,20
Hạ Long,2/14/2021 20:00,36,19,,,
Quảng Ninh,2/14/2021 20:00,8,5,8,6,99.7
Bắc Ninh,2/14/2021 21:00,77,48,4,3,3
Bắc Ninh,2/14/2021 21:00,,,3,4,2
Hà Nội,2/14/2021 18:00,91,60,21,14,
Hà Nội,2/14/2021 18:00,53,29,8,4,
Hà Nội,2/14/2021 18:00,42,34,19,4,
Hà Nội,2/14/2021 18:00,93,53,27,20,2
Đà Nẵng,2/14/2021 20:00,,,1,6,6
Nha Trang,2/14/2021 21:00,,,12,6,4
Hà Nội,2/14/2021 18:00,79,57,12,8,
Hà Nội,2/14/2021 18:00,50,30,6,5,
Hà Nội,2/14/2021 18:00,94,63,16,6,
Hà Nội,2/14/2021 18:00,48,37,,5,
Cao Bằng,2/14/2021 21:00,139,124,,,
Hồ Chí Minh ,2/15/2021 14:00,74,,,,
Hà Nội,2/15/2021 14:00,,,,,
Hà Nội,2/15/2021 14:00,144,,14.2,0.1,4.6
Gia Lai,2/11/2021 16:00,21,15,7,3,1
Thừa Thiên Huế,2/15/2021 14:00,28,42,,1,
Hà Nội,2/15/2021 12:00,105,73,26,7,2
Bắc Ninh,2/15/2021 14:00,47,28,4,2,2
Lào Cai,2/15/2021 14:00,148,52,3,41,59
Hạ Long,2/15/2021 13:00,23,12,,,
Quảng Ninh,2/15/2021 13:00,6,4,3,5,9
Bắc Ninh,2/15/2021 14:00,57,34,2,2,3
Bắc Ninh,2/15/2021 14:00,,,1,4,1
Hà Nội,2/15/2021 12:00,131,93,30,27,
Hà Nội,2/15/2021 12:00,87,54,8,4,
Hà Nội,2/15/2021 12:00,98,64,26,4,
Hà Nội,2/15/2021 12:00,96,60,29,5,1
Đà Nẵng,2/15/2021 14:00,,,1,2,6
Nha Trang,2/15/2021 14:00,,,1,2,4
Hà Nội,2/15/2021 12:00,111,76,17,13,
Hà Nội,2/15/2021 12:00,94,54,10,5,
Hà Nội,2/15/2021 12:00,121,85,22,16,
Hà Nội,2/15/2021 12:00,101,57,,6,
Cao Bằng,2/15/2021 14:00,85,67,,,
Hồ Chí Minh ,2/16/2021 13:00,97,,,,
Hà Nội,2/16/2021 14:00,,,,,
Hà Nội,2/16/2021 13:00,153,,12.4,0.1,4.6
Gia Lai,2/16/2021 14:00,35,24,5,2,1
Thừa Thiên Huế,2/16/2021 14:00,39,53,,1,
Hà Nội,2/16/2021 12:00,56,53,20,5,1
Bắc Ninh,2/16/2021 14:00,63,38,6,2,3
Lào Cai,2/16/2021 14:00,119,32,3,39,76
Hạ Long,2/16/2021 13:00,26,14,,,
Quảng Ninh,2/16/2021 13:00,5,4,3,4,14
Bắc Ninh,2/16/2021 14:00,75,49,7,3,5
Bắc Ninh,2/16/2021 14:00,,,2,3,1
Hà Nội,2/16/2021 12:00,113,79,21,33,
Hà Nội,2/16/2021 12:00,88,59,9,3,
Hà Nội,2/16/2021 12:00,74,50,17,5,
Hà Nội,2/16/2021 12:00,97,56,33,3,1
Đà Nẵng,2/16/2021 13:00,,,1,2,6
Nha Trang,2/16/2021 14:00,,,1,1,4
Hà Nội,2/16/2021 12:00,109,75,21,12,
Hà Nội,2/16/2021 12:00,98,63,6,5,
Hà Nội,2/16/2021 12:00,111,69,25,2,
Hà Nội,2/16/2021 12:00,91,53,,5,
Cao Bằng,2/16/2021 14:00,70,58,,,
Hồ Chí Minh ,2/17/2021 12:00,74,,,,
Hà Nội,2/17/2021 12:00,,,,,
Hà Nội,2/17/2021 12:00,76,,7.4,0.1,4.1
Gia Lai,2/17/2021 12:00,37,27,3,1,1
Thừa Thiên Huế,2/17/2021 13:00,26,41,,1,
Hà Nội,2/17/2021 9:00,83,66,17,4,2
Bắc Ninh,2/17/2021 12:00,36,34,7,2,3
Lào Cai,2/17/2021 13:00,139,55,2,38,117
Hạ Long,2/17/2021 12:00,41,25,,,
Quảng Ninh,2/17/2021 11:00,10,7,7,6,22
Bắc Ninh,2/17/2021 12:00,41,27,2,3,5
Bắc Ninh,2/17/2021 12:00,,,3,4,2
Hà Nội,2/17/2021 9:00,87,68,29,23,
Hà Nội,2/17/2021 9:00,49,28,9,5,
Hà Nội,2/17/2021 9:00,45,33,31,8,
Hà Nội,2/17/2021 9:00,78,49,20,6,1
Đà Nẵng,2/17/2021 12:00,,,1,1,6
Nha Trang,2/17/2021 12:00,,,2,2,4
Hà Nội,2/17/2021 9:00,83,66,17,14,
Hà Nội,2/17/2021 9:00,44,28,8,6,
Hà Nội,2/17/2021 9:00,81,65,23,16,
Hà Nội,2/17/2021 9:00,49,31,,8,
Cao Bằng,2/17/2021 13:00,36,51,,,
Hồ Chí Minh ,2/18/2021 13:00,93,,,,
Hà Nội,2/18/2021 13:00,,,,,
Hà Nội,2/18/2021 13:00,154,,4.6,0.1,6.1
Gia Lai,2/18/2021 13:00,33,27,1,1,1
Thừa Thiên Huế,2/18/2021 14:00,39,64,,1,
Hà Nội,2/18/2021 12:00,112,77,31,7,2
Bắc Ninh,2/18/2021 13:00,83,51,8,3,4
Lào Cai,2/18/2021 14:00,192,87,2,32,44
Hạ Long,2/18/2021 13:00,24,19,,,
Quảng Ninh,2/18/2021 12:00,5,4,4,5,22
Bắc Ninh,2/18/2021 13:00,101,56,14,5,15
Bắc Ninh,2/18/2021 14:00,,,9,3,8
Hà Nội,2/18/2021 12:00,116,79,30,38,
Hà Nội,2/18/2021 12:00,95,51,12,9,
Hà Nội,2/18/2021 13:00,98,62,22,5,
Hà Nội,2/18/2021 13:00,101,59,14,5,1
Đà Nẵng,2/18/2021 13:00,,,1,4,6
Nha Trang,2/18/2021 13:00,,,3,2,4
Hà Nội,2/18/2021 12:00,114,77,20,13,
Hà Nội,2/18/2021 13:00,84,51,8,6,
Hà Nội,2/18/2021 13:00,124,86,23,20,
Hà Nội,2/18/2021 13:00,105,57,,7,
Cao Bằng,2/18/2021 9:00,78,81,,,
Hồ Chí Minh ,2/20/2021 20:00,80,,,,
Hà Nội,2/20/2021 20:00,,,,,
Hà Nội,2/20/2021 20:00,165,,5.1,0.1,5.6
Gia Lai,2/19/2021 16:00,27,21,2,1,1
Thừa Thiên Huế,2/20/2021 20:00,41,70,,2,
Hà Nội,2/20/2021 19:00,116,61,73,16,2
Bắc Ninh,2/20/2021 20:00,121,66,8,3,4
Lào Cai,2/20/2021 20:00,167,72,6,30,12
Hạ Long,2/20/2021 20:00,31,17,,,
Quảng Ninh,2/20/2021 19:00,8,6,12,6,19.2
Bắc Ninh,2/20/2021 20:00,102,63,6,2,4
Bắc Ninh,2/20/2021 20:00,,,15,3,3
Hà Nội,2/20/2021 19:00,120,69,73,55,
Hà Nội,2/20/2021 19:00,110,61,39,7,
Hà Nội,2/20/2021 19:00,126,73,33,9,
Hà Nội,2/20/2021 19:00,100,62,21,3,1
Đà Nẵng,2/20/2021 20:00,,,1,6,6
Nha Trang,2/20/2021 20:00,,,4,2,4
Hà Nội,2/20/2021 19:00,127,71,18,11,
Hà Nội,2/20/2021 19:00,113,63,15,9,
Hà Nội,2/20/2021 19:00,117,64,13,11,
Hà Nội,2/20/2021 19:00,115,61,,7,
Cao Bằng,2/20/2021 20:00,194,177,,,
Hồ Chí Minh ,2/22/2021 17:00,76,,,,
Hà Nội,2/22/2021 17:00,,,,,
Hà Nội,2/22/2021 17:00,152,,5.1,0.1,4.1
Gia Lai,2/19/2021 18:00,31,25,1,1,2
Thừa Thiên Huế,2/22/2021 17:00,29,55,,2,
Hà Nội,2/22/2021 16:00,127,70,38,10,1
Bắc Ninh,2/22/2021 17:00,85,63,11,2,4
Lào Cai,2/22/2021 17:00,175,65,6,31,85
Hạ Long,2/22/2021 17:00,17,9,,,
Quảng Ninh,2/22/2021 16:00,4,3,7,5,21.8
Bắc Ninh,2/22/2021 17:00,60,50,4,2,3
Bắc Ninh,2/22/2021 17:00,75,50,7,4,1
Hà Nội,2/22/2021 16:00,153,78,53,48,
Hà Nội,2/22/2021 16:00,99,56,39,4,
Hà Nội,2/22/2021 16:00,95,58,19,5,
Hà Nội,2/22/2021 16:00,104,1,20,3,1
Đà Nẵng,2/22/2021 17:00,,,1,11,7
Nha Trang,2/22/2021 17:00,,,1,2,4
Hà Nội,2/22/2021 16:00,138,73,9,6,
Hà Nội,2/22/2021 16:00,90,53,5,4,
Hà Nội,2/22/2021 16:00,133,69,24,7,
Hà Nội,2/22/2021 16:00,99,59,,6,
Cao Bằng,2/22/2021 17:00,119,89,,,
Hồ Chí Minh ,2/23/2021 15:00,155,,,,
Hà Nội,2/23/2021 15:00,,,,,
Hà Nội,2/23/2021 15:00,124,,4.6,0.2,3.6
Gia Lai,2/19/2021 18:00,31,25,1,1,2
Thừa Thiên Huế,2/23/2021 10:00,40,24,,2,
Hà Nội,2/23/2021 14:00,113,66,32,5,1
Bắc Ninh,2/23/2021 15:00,59,51,13,2,4
Lào Cai,2/23/2021 15:00,40,13,6,29,78
Hạ Long,2/23/2021 14:00,16,12,,,
Quảng Ninh,2/23/2021 14:00,5,3,32,5,24.8
Bắc Ninh,2/23/2021 15:00,61,42,3,1,3
Bắc Ninh,2/23/2021 15:00,60,39,1,4,1
Hà Nội,2/23/2021 14:00,116,78,42,32,
Hà Nội,2/23/2021 14:00,82,45,39,4,
Hà Nội,2/23/2021 14:00,83,54,21,4,
Hà Nội,2/23/2021 14:00,59,1,17,4,1
Đà Nẵng,2/23/2021 15:00,,,1,6,6
Nha Trang,2/23/2021 15:00,,,1,1,4
Hà Nội,2/23/2021 14:00,118,83,13,15,
Hà Nội,2/23/2021 14:00,82,51,12,4,
Hà Nội,2/23/2021 14:00,117,78,11,9,
Hà Nội,2/23/2021 14:00,87,57,,5,
Cao Bằng,2/23/2021 15:00,98,86,,,
Hồ Chí Minh ,2/24/2021 13:00,87,,,,
Hà Nội,2/24/2021 14:00,,,,,
Hà Nội,2/24/2021 13:00,119,,1,0.1,3.6
Gia Lai,2/24/2021 14:00,52,38,12,4,2
Thừa Thiên Huế,2/24/2021 14:00,26,50,,3,
Hà Nội,2/24/2021 13:00,100,71,30,10,1
Bắc Ninh,2/24/2021 13:00,50,47,11,2,4
Lào Cai,2/24/2021 14:00,81,30,6,30,23
Hạ Long,2/24/2021 13:00,16,9,,,
Quảng Ninh,2/24/2021 12:00,2,2,3,4,25
Bắc Ninh,2/24/2021 13:00,57,42,4,1,4
Bắc Ninh,2/24/2021 14:00,50,35,1,4,1
Hà Nội,2/24/2021 13:00,92,52,37,30,
Hà Nội,2/24/2021 13:00,82,47,39,3,
Hà Nội,2/24/2021 13:00,75,52,21,4,
Hà Nội,2/23/2021 18:00,95,1,27,9,1
Đà Nẵng,2/24/2021 13:00,,,1,2,7
Nha Trang,2/24/2021 13:00,,,1,1,4
Hà Nội,2/24/2021 13:00,102,60,10,6,
Hà Nội,2/24/2021 13:00,86,52,9,4,
Hà Nội,2/24/2021 13:00,113,63,23,4,
Hà Nội,2/24/2021 13:00,94,55,,5,
Cao Bằng,2/24/2021 14:00,113,122,,,
Hồ Chí Minh ,2/27/2021 15:00,104,,,,
Hà Nội,2/27/2021 15:00,,,,,
Hà Nội,2/27/2021 15:00,93,,1.4,0.2,3.6
Gia Lai,2/27/2021 15:00,97,57,21,6,2
Thừa Thiên Huế,2/27/2021 16:00,48,59,,2,
Hà Nội,2/26/2021 15:00,1,1,50,12,1
Bắc Ninh,2/27/2021 15:00,44,27,14,3,3
Lào Cai,2/27/2021 11:00,31,7,,43,100
Hạ Long,2/27/2021 15:00,26,14,,,
Quảng Ninh,2/27/2021 14:00,3,2,12,6,4
Bắc Ninh,2/27/2021 15:00,70,52,4,3,4
Bắc Ninh,2/27/2021 15:00,60,40,5,4,2
Hà Nội,2/27/2021 14:00,79,48,29,12,
Hà Nội,2/27/2021 14:00,88,51,40,5,
Hà Nội,2/27/2021 14:00,65,47,20,7,
Hà Nội,2/25/2021 20:00,1,54,59,2,1
Đà Nẵng,2/27/2021 15:00,,,1,4,6
Nha Trang,2/27/2021 15:00,,,1,1,4
Hà Nội,2/27/2021 15:00,97,62,9,10,
Hà Nội,2/27/2021 14:00,74,49,10,6,
Hà Nội,2/27/2021 15:00,112,59,16,5,
Hà Nội,2/27/2021 14:00,72,48,,6,
Cao Bằng,2/27/2021 16:00,90,198,,,
Hồ Chí Minh ,3/2/2021 14:00,61,,,,
Hà Nội,3/2/2021 14:00,,,,,
Hà Nội,3/2/2021 14:00,59,,7.4,0.1,3.6
Gia Lai,3/2/2021 14:00,15,14,5,2,2
Thừa Thiên Huế,3/2/2021 14:00,24,16,,2,
Hà Nội,2/26/2021 15:00,1,1,50,12,1
Bắc Ninh,3/2/2021 14:00,54,32,8,3,7
Lào Cai,3/2/2021 14:00,15,4,2,33,53
Hạ Long,3/2/2021 13:00,19,11,,,
Quảng Ninh,3/2/2021 13:00,6,6,12,6,14
Bắc Ninh,3/2/2021 11:00,26,20,3,3,4
Bắc Ninh,3/2/2021 14:00,28,23,4,4,3
Hà Nội,3/2/2021 13:00,63,50,19,20,
Hà Nội,3/2/2021 13:00,40,28,11,4,
Hà Nội,3/2/2021 13:00,39,36,20,6,
Hà Nội,2/25/2021 20:00,1,54,59,2,1
Đà Nẵng,3/2/2021 13:00,,,1,3,7
Nha Trang,3/2/2021 14:00,,,1,1,4
Hà Nội,3/2/2021 13:00,62,56,16,10,
Hà Nội,3/2/2021 13:00,42,35,12,7,
Hà Nội,3/2/2021 13:00,68,57,11,8,
Hà Nội,3/2/2021 13:00,44,32,,6,
Cao Bằng,3/2/2021 14:00,48,80,,,
Hồ Chí Minh ,3/3/2021 18:00,65,,,,
Hà Nội,3/3/2021 18:00,,,,,
Hà Nội,3/3/2021 18:00,153,,7.8,0.2,3.6
Gia Lai,3/3/2021 18:00,28,24,6,3,2
Thừa Thiên Huế,3/3/2021 18:00,26,20,,3,
Hà Nội,2/26/2021 15:00,1,1,50,12,1
Bắc Ninh,3/3/2021 18:00,54,32,20,6,6
Lào Cai,3/3/2021 18:00,21,2,4,32,127
Hạ Long,3/3/2021 18:00,21,11,,,
Quảng Ninh,3/3/2021 17:00,2,2,11,8,4
Bắc Ninh,3/3/2021 18:00,26,20,1,5,4
Bắc Ninh,3/3/2021 18:00,75,45,10,4,2
Hà Nội,3/3/2021 17:00,121,87,22,27,
Hà Nội,3/3/2021 17:00,83,56,10,6,
Hà Nội,3/3/2021 17:00,106,65,29,13,
Hà Nội,3/3/2021 17:00,112,80,13,7,1
Đà Nẵng,3/3/2021 9:00,,,1,9,7
Nha Trang,3/3/2021 18:00,,,2,2,4
Hà Nội,3/3/2021 17:00,122,87,18,10,
Hà Nội,3/3/2021 17:00,82,55,18,9,
Hà Nội,3/3/2021 17:00,123,89,23,15,
Hà Nội,3/3/2021 17:00,82,54,,9,
Cao Bằng,3/3/2021 18:00,109,115,,,
Hồ Chí Minh ,3/5/2021 14:00,50,,,,
Hà Nội,3/5/2021 14:00,,,,,
Hà Nội,3/5/2021 14:00,122,,7.8,0.2,3.6
Gia Lai,3/5/2021 14:00,26,21,5,2,2
Thừa Thiên Huế,3/5/2021 14:00,51,72,,7,
Hà Nội,2/26/2021 15:00,1,1,50,12,1
Bắc Ninh,3/5/2021 14:00,54,32,10,5,4
Lào Cai,3/5/2021 14:00,40,8,2,34,23
Hạ Long,3/5/2021 14:00,18,10,,,
Quảng Ninh,3/5/2021 13:00,6,4,22,6,23
Bắc Ninh,3/5/2021 14:00,26,20,2,4,4
Bắc Ninh,3/5/2021 14:00,38,25,12,4,1
Hà Nội,3/5/2021 14:00,118,85,25,22,
Hà Nội,3/5/2021 14:00,84,58,13,8,
Hà Nội,3/5/2021 13:00,100,61,22,9,
Hà Nội,3/5/2021 14:00,86,69,19,10,1
Đà Nẵng,3/3/2021 9:00,,,1,9,7
Nha Trang,3/5/2021 14:00,,,1,1,4
Hà Nội,3/5/2021 14:00,111,80,19,15,
Hà Nội,3/5/2021 14:00,86,73,18,9,
Hà Nội,3/5/2021 14:00,115,76,18,12,
Hà Nội,3/5/2021 14:00,96,58,,9,
Cao Bằng,3/5/2021 15:00,47,109,,,
Hồ Chí Minh ,3/8/2021 15:00,82,,,,
Hà Nội,3/8/2021 15:00,,,,,
Hà Nội,3/8/2021 15:00,139,,7.4,0.2,4.1
Gia Lai,3/8/2021 15:00,24,20,6,2,2
Thừa Thiên Huế,3/8/2021 15:00,6,13,,4,
Hà Nội,2/26/2021 15:00,1,1,50,12,1
Bắc Ninh,3/8/2021 14:00,,,8,4,3
Lào Cai,3/8/2021 15:00,30,10,3,40,41
Hạ Long,3/8/2021 14:00,35,19,,,
Quảng Ninh,3/8/2021 14:00,31,21,17,6,6
Bắc Ninh,3/8/2021 14:00,26,20,2,3,4
Bắc Ninh,3/8/2021 15:00,73,44,12,4,2
Hà Nội,3/8/2021 14:00,116,76,24,30,
Hà Nội,3/8/2021 14:00,19,14,9,4,
Hà Nội,3/8/2021 14:00,97,59,20,7,
Hà Nội,3/8/2021 14:00,121,87,16,9,1
Đà Nẵng,3/3/2021 9:00,,,1,9,7
Nha Trang,3/8/2021 14:00,,,1,2,4
Hà Nội,3/8/2021 14:00,131,81,17,12,
Hà Nội,3/8/2021 14:00,52,37,8,5,
Hà Nội,3/8/2021 14:00,135,82,23,18,
Hà Nội,3/8/2021 14:00,122,66,,9,
Cao Bằng,3/8/2021 15:00,6,9,,,3
Hồ Chí Minh ,3/14/2021 19:00,78,,,,
Hà Nội,3/14/2021 19:00,,,,,
Hà Nội,3/14/2021 19:00,119,,7.8,0.1,3.6
Gia Lai,3/14/2021 19:00,58,44,5,2,3
Thừa Thiên Huế,3/14/2021 19:00,35,45,,5,
Hà Nội,2/26/2021 15:00,1,1,50,12,1
Bắc Ninh,3/14/2021 19:00,,,8,3,5
Lào Cai,3/14/2021 15:00,47,7,3,34,99
Hạ Long,3/14/2021 18:00,35,21,,,
Quảng Ninh,3/14/2021 11:00,28,21,9,4,6
Bắc Ninh,3/12/2021 12:00,,,8,2,6
Bắc Ninh,3/14/2021 19:00,69,49,3,4,1
Hà Nội,3/14/2021 18:00,88,68,23,37,
Hà Nội,3/14/2021 18:00,65,45,10,5,
Hà Nội,3/14/2021 18:00,70,56,36,7,
Hà Nội,3/14/2021 18:00,82,57,21,3,1
Đà Nẵng,3/14/2021 19:00,,,11,4,15
Nha Trang,3/14/2021 19:00,,,2,2,4
Hà Nội,3/14/2021 18:00,91,71,20,12,
Hà Nội,3/14/2021 18:00,62,47,10,8,
Hà Nội,3/14/2021 18:00,86,68,20,14,
Hà Nội,3/14/2021 18:00,70,54,,6,
Cao Bằng,3/14/2021 19:00,1,2,,,2
Hồ Chí Minh ,3/16/2021 15:00,78,,,,
Hà Nội,3/16/2021 15:00,,,,,
Hà Nội,3/16/2021 15:00,80,,6.9,0.1,3.6
Gia Lai,3/16/2021 15:00,104,60,15,5,2
Thừa Thiên Huế,3/16/2021 14:00,32,30,,6,
Hà Nội,2/26/2021 15:00,1,1,50,12,1
Bắc Ninh,3/16/2021 14:00,,,8,3,5
Lào Cai,3/15/2021 5:00,29,7,6,32,40
Hạ Long,3/16/2021 14:00,24,13,,,
Quảng Ninh,3/16/2021 14:00,22,15,7,4,4
Bắc Ninh,3/12/2021 12:00,,,8,2,6
Bắc Ninh,3/16/2021 15:00,55,39,8,4,1
Hà Nội,3/16/2021 14:00,57,52,29,27,
Hà Nội,3/16/2021 14:00,52,37,5,3,
Hà Nội,3/16/2021 14:00,91,57,24,8,
Hà Nội,3/16/2021 14:00,66,56,15,5,1
Đà Nẵng,3/16/2021 15:00,,,11,2,19
Nha Trang,3/16/2021 15:00,,,1,2,4
Hà Nội,3/16/2021 14:00,97,67,12,6,
Hà Nội,3/16/2021 14:00,40,31,4,2,
Hà Nội,3/16/2021 14:00,105,73,14,10,
Hà Nội,3/16/2021 14:00,91,59,,7,
Cao Bằng,3/16/2021 15:00,87,150,,,4
Hồ Chí Minh ,3/24/2021 15:00,59,,,,
Hà Nội,3/24/2021 15:00,160,,,,
Hà Nội,3/24/2021 15:00,190,,9.2,0.1,9.2
Gia Lai,3/24/2021 15:00,11,14,7,3,2
Thừa Thiên Huế,3/24/2021 15:00,10,8,,11,
Hà Nội,2/26/2021 15:00,1,1,50,12,1
Bắc Ninh,3/21/2021 2:00,57,36,6,3,5
Lào Cai,3/24/2021 15:00,103,23,2,32,45
Hạ Long,3/24/2021 14:00,24,14,,,
Quảng Ninh,3/22/2021 13:00,45,50,4,98,10
Bắc Ninh,3/24/2021 15:00,85,66,9,3,10
Bắc Ninh,3/24/2021 15:00,132,89,16,4,23
Hà Nội,3/24/2021 14:00,133,94,25,18,
Hà Nội,3/24/2021 14:00,71,51,8,4,
Hà Nội,3/24/2021 14:00,91,62,20,11,
Hà Nội,3/24/2021 14:00,10,8,25,10,1
Đà Nẵng,3/24/2021 15:00,47,32,11,3,21
Nha Trang,3/24/2021 15:00,,,8,5,4
Hà Nội,3/24/2021 14:00,111,81,15,7,
Hà Nội,3/24/2021 14:00,64,46,8,4,
Hà Nội,3/24/2021 14:00,127,90,17,11,
Hà Nội,3/24/2021 14:00,91,58,,10,
Cao Bằng,3/24/2021 15:00,157,145,,,20
Hồ Chí Minh ,3/29/2021 9:00,57,,,,
Hà Nội,3/29/2021 9:00,164,,,,
Hà Nội,3/29/2021 9:00,155,,6.9,0.1,4.1
Gia Lai,3/29/2021 9:00,108,68,12,5,3
Thừa Thiên Huế,3/29/2021 9:00,10,8,,7,
Hà Nội,2/26/2021 15:00,1,1,50,12,1
Bắc Ninh,3/27/2021 21:00,50,38,8,3,6
Lào Cai,3/29/2021 10:00,154,59,1,34,46
Hạ Long,3/29/2021 9:00,,,,,
Quảng Ninh,3/22/2021 13:00,45,50,4,98,10
Bắc Ninh,3/27/2021 21:00,25,20,29,4,4
Bắc Ninh,3/26/2021 18:00,25,17,8,4,1
Hà Nội,3/26/2021 17:00,133,95,44,28,
Hà Nội,3/28/2021 4:00,72,53,10,1,
Hà Nội,3/29/2021 5:00,96,58,24,3,
Hà Nội,3/28/2021 7:00,46,53,41,1,1
Đà Nẵng,3/29/2021 10:00,113,62,10,7,20
Nha Trang,3/29/2021 9:00,,,6,6,4
Hà Nội,3/25/2021 20:00,153,99,28,15,
Hà Nội,3/28/2021 4:00,66,55,4,2,
Hà Nội,3/28/2021 0:00,28,25,19,8,
Hà Nội,3/26/2021 6:00,108,69,,5,
Cao Bằng,3/29/2021 10:00,100,112,9,,3
Hồ Chí Minh ,3/31/2021 14:00,114,,,,
Hà Nội,3/31/2021 15:00,154,,,,
Hà Nội,3/31/2021 14:00,158,,8.3,0.2,4.1
Gia Lai,3/31/2021 15:00,106,62,11,4,1
Thừa Thiên Huế,3/31/2021 15:00,,,,7,
Hà Nội,2/26/2021 15:00,1,1,50,12,1
Bắc Ninh,3/31/2021 15:00,115,74,10,4,6
Lào Cai,3/31/2021 15:00,51,7,3,38,31
Hạ Long,3/31/2021 14:00,,,,,
Quảng Ninh,3/22/2021 13:00,45,50,4,98,10
Bắc Ninh,3/31/2021 15:00,39,35,12,2,4
Bắc Ninh,3/31/2021 15:00,110,61,5,5,1
Hà Nội,3/30/2021 19:00,138,98,48,56,
Hà Nội,3/30/2021 18:00,98,63,15,10,
Hà Nội,3/30/2021 19:00,123,79,37,22,
Hà Nội,3/30/2021 19:00,128,85,60,11,2
Đà Nẵng,3/31/2021 15:00,69,44,11,3,20
Nha Trang,3/31/2021 14:00,,,5,3,4
Hà Nội,3/30/2021 18:00,137,97,25,15,
Hà Nội,3/30/2021 19:00,91,60,15,8,
Hà Nội,3/30/2021 19:00,139,98,31,20,
Hà Nội,3/30/2021 19:00,103,63,,15,
Cao Bằng,3/31/2021 15:00,167,151,12,,2
Hồ Chí Minh ,4/1/2021 20:00,95,,,,
Hà Nội,4/1/2021 20:00,90,,,,
Hà Nội,4/1/2021 20:00,107,,7.4,0.2,4.1
Gia Lai,4/1/2021 20:00,122,74,30,10,1
Thừa Thiên Huế,4/1/2021 20:00,,,,11,
Hà Nội,2/26/2021 15:00,1,1,50,12,1
Bắc Ninh,4/1/2021 20:00,94,73,6,3,6
Lào Cai,4/1/2021 20:00,146,43,4,34,53
Hạ Long,4/1/2021 19:00,,,,,
Quảng Ninh,3/22/2021 13:00,45,50,4,98,10
Bắc Ninh,4/1/2021 20:00,27,25,10,2,3
Bắc Ninh,4/1/2021 20:00,60,43,5,5,1
Hà Nội,4/1/2021 9:00,46,44,22,12,
Hà Nội,4/1/2021 9:00,71,57,9,3,
Hà Nội,4/1/2021 9:00,91,62,24,11,
Hà Nội,4/1/2021 9:00,76,70,28,8,1
Đà Nẵng,4/1/2021 20:00,58,37,11,6,21
Nha Trang,4/1/2021 20:00,,,2,2,4
Hà Nội,4/1/2021 9:00,98,71,15,8,
Hà Nội,4/1/2021 9:00,44,38,6,2,
Hà Nội,4/1/2021 9:00,94,71,16,9,
Hà Nội,4/1/2021 9:00,88,61,,11,
Cao Bằng,4/1/2021 20:00,190,169,16,,1
Hồ Chí Minh ,4/5/2021 19:00,82,,,,
Hà Nội,4/5/2021 19:00,176,,,,
Hà Nội,4/5/2021 19:00,168,,8.3,0.2,4.6
Gia Lai,4/5/2021 20:00,44,37,5,2,11
Thừa Thiên Huế,4/5/2021 20:00,,,,6,
Hà Nội,2/26/2021 15:00,1,1,50,12,1
Bắc Ninh,4/4/2021 2:00,114,63,6,5,6
Lào Cai,4/5/2021 20:00,170,83,3,31,58
Hạ Long,4/5/2021 19:00,,,,,
Quảng Ninh,3/22/2021 13:00,45,50,4,98,10
Bắc Ninh,4/5/2021 19:00,62,46,19,5,4
Bắc Ninh,4/5/2021 20:00,130,73,15,5,3
Hà Nội,4/5/2021 17:00,131,94,38,34,
Hà Nội,4/5/2021 17:00,109,64,10,6,
Hà Nội,4/5/2021 17:00,123,77,31,17,
Hà Nội,4/5/2021 17:00,127,91,37,7,1
Đà Nẵng,4/5/2021 20:00,35,22,11,7,22
Nha Trang,4/5/2021 19:00,,,4,3,4
Hà Nội,4/5/2021 17:00,132,94,18,11,
Hà Nội,4/5/2021 17:00,92,59,9,5,
Hà Nội,4/5/2021 17:00,128,93,22,18,
Hà Nội,4/5/2021 17:00,120,73,,13,
Cao Bằng,4/5/2021 20:00,83,110,3,,2
Hồ Chí Minh ,4/6/2021 19:00,72,,,,
Hà Nội,4/6/2021 19:00,142,,,,
Hà Nội,4/6/2021 19:00,87,,8.7,0.2,4.1
Gia Lai,4/6/2021 19:00,42,34,4,2,11
Thừa Thiên Huế,4/6/2021 19:00,,,,9,
Hà Nội,2/26/2021 15:00,0,0,0,0,0
Bắc Ninh,4/4/2021 2:00,114,63,6,5,6
Lào Cai,4/6/2021 19:00,161,76,1,32,55
Hạ Long,4/6/2021 19:00,,,,,
Quảng Ninh,3/22/2021 13:00,45,50,4,98,10
Bắc Ninh,4/6/2021 19:00,43,49,35,4,5
Bắc Ninh,4/6/2021 19:00,51,39,5,4,2
Hà Nội,4/6/2021 18:00,101,75,23,31,
Hà Nội,4/6/2021 18:00,71,53,10,6,
Hà Nội,4/6/2021 18:00,78,55,33,11,
Hà Nội,4/6/2021 18:00,86,56,22,4,1
Đà Nẵng,4/6/2021 19:00,50,33,10,5,20
Nha Trang,4/6/2021 19:00,,,3,3,4
Hà Nội,4/6/2021 18:00,99,75,16,10,
Hà Nội,4/6/2021 18:00,69,49,9,5,
Hà Nội,4/6/2021 18:00,102,76,19,16,
Hà Nội,4/6/2021 18:00,70,50,,8,
Cao Bằng,4/6/2021 19:00,114,128,11,,2
Hồ Chí Minh ,4/11/2021 1:00,82,,,,
Hà Nội,4/11/2021 1:00,153,,,,
Hà Nội,4/11/2021 1:00,157,,6.9,0.1,5.6
Gia Lai,4/7/2021 9:00,49,37,3,2,11
Thừa Thiên Huế,4/11/2021 2:00,,,,4,
Hà Nội,2/26/2021 15:00,1,1,50,12,1
Bắc Ninh,4/4/2021 2:00,114,63,6,5,6
Lào Cai,4/11/2021 2:00,92,45,2,34,54
Hạ Long,4/11/2021 1:00,,,,,
Quảng Ninh,3/22/2021 13:00,45,50,4,98,10
Bắc Ninh,4/11/2021 1:00,40,31,9,4,3
Bắc Ninh,4/11/2021 2:00,84,55,16,6,4
Hà Nội,4/10/2021 21:00,84,64,45,40,
Hà Nội,4/10/2021 21:00,22,15,15,7,
Hà Nội,4/10/2021 21:00,154,85,24,17,
Hà Nội,4/10/2021 21:00,104,81,54,12,2
Đà Nẵng,4/11/2021 2:00,41,22,11,1,20
Nha Trang,4/11/2021 1:00,,,3,2,4
Hà Nội,4/10/2021 21:00,147,96,25,24,
Hà Nội,4/10/2021 21:00,88,57,13,8,
Hà Nội,4/10/2021 21:00,164,111,31,21,
Hà Nội,4/10/2021 21:00,130,75,,15,
Cao Bằng,4/11/2021 2:00,37,27,1,,2
Hồ Chí Minh ,4/15/2021 17:00,89,,,,
Hà Nội,4/14/2021 17:47,62,,,,
Hà Nội,4/15/2021 17:00,78,,7.8,0.3,4.1
Gia Lai,4/7/2021 9:00,49,37,3,2,11
Thừa Thiên Huế,4/15/2021 18:00,,,,7,
Hà Nội,2/26/2021 15:00,1,1,50,12,1
Bắc Ninh,4/15/2021 18:00,50,46,9,4,7
Lào Cai,4/15/2021 18:00,255,285,1,34,57
Hạ Long,4/15/2021 17:00,,,,,
Quảng Ninh,3/22/2021 13:00,45,50,4,98,10
Bắc Ninh,4/15/2021 17:00,79,83,5,2,3
Bắc Ninh,4/15/2021 18:00,22,26,5,4,2
Hà Nội,4/15/2021 15:00,52,50,23,12,
Hà Nội,4/15/2021 15:00,31,27,6,2,
Hà Nội,4/15/2021 17:00,41,35,23,8,
Hà Nội,4/12/2021 5:00,1,1,27,6,1
Đà Nẵng,4/15/2021 18:00,30,19,11,3,22
Nha Trang,4/15/2021 17:00,,,6,5,4
Hà Nội,4/15/2021 17:00,15,14,12,8,
Hà Nội,4/15/2021 14:00,12,10,6,2,
Hà Nội,4/15/2021 14:00,60,53,13,8,
Hà Nội,4/15/2021 17:00,48,37,,5,
Cao Bằng,4/15/2021 18:00,106,169,1,,2
Hồ Chí Minh ,4/16/2021 13:00,80,,,,
Hà Nội,4/14/2021 17:47,62,,,,
Hà Nội,4/16/2021 13:00,102,,7.4,0.1,4.1
Gia Lai,4/16/2021 10:00,60,43,10,4,11
Thừa Thiên Huế,4/16/2021 13:00,,,,7,
Hà Nội,2/26/2021 15:00,1,1,50,12,1
Bắc Ninh,4/16/2021 13:00,28,31,9,2,8
Lào Cai,4/16/2021 13:00,243,252,2,33,52
Hạ Long,4/16/2021 12:00,,,,,
Quảng Ninh,3/22/2021 13:00,45,50,4,98,10
Bắc Ninh,4/16/2021 13:00,43,51,4,1,4
Bắc Ninh,4/16/2021 13:00,18,16,1,4,3
Hà Nội,4/16/2021 12:00,62,59,23,20,
Hà Nội,4/16/2021 12:00,22,16,5,3,
Hà Nội,4/16/2021 12:00,36,31,21,6,
Hà Nội,4/12/2021 5:00,1,1,27,6,1
Đà Nẵng,4/16/2021 13:00,46,29,11,2,21
Nha Trang,4/16/2021 13:00,,,1,1,4
Hà Nội,4/16/2021 12:00,40,38,12,5,
Hà Nội,4/16/2021 12:00,26,16,4,2,
Hà Nội,4/16/2021 12:00,61,59,20,13,
Hà Nội,4/16/2021 12:00,45,35,,7,
Cao Bằng,4/16/2021 13:00,115,129,,,2
Hồ Chí Minh ,4/18/2021 19:00,65,,,,
Hà Nội,4/18/2021 20:00,121,,,,
Hà Nội,4/18/2021 20:00,153,,7.4,0.2,5.1
Gia Lai,4/18/2021 20:00,116,64,20,7,11
Thừa Thiên Huế,4/18/2021 20:00,,,,7,
Hà Nội,2/26/2021 15:00,1,1,50,12,1
Bắc Ninh,4/18/2021 20:00,83,54,7,6,9
Lào Cai,4/18/2021 20:00,12,3,2,37,60
Hạ Long,4/18/2021 19:00,,,,,
Quảng Ninh,3/22/2021 13:00,45,50,4,98,10
Bắc Ninh,4/18/2021 20:00,128,72,8,4,4
Bắc Ninh,4/18/2021 20:00,75,58,20,6,9
Hà Nội,4/18/2021 18:00,122,86,26,19,
Hà Nội,4/18/2021 18:00,64,49,9,4,
Hà Nội,4/18/2021 18:00,124,74,39,19,
Hà Nội,4/12/2021 5:00,1,1,27,6,1
Đà Nẵng,4/18/2021 20:00,32,20,11,9,22
Nha Trang,4/18/2021 19:00,,,1,1,4
Hà Nội,4/18/2021 18:00,121,83,18,12,
Hà Nội,4/18/2021 18:00,65,52,6,3,
Hà Nội,4/18/2021 18:00,128,84,19,9,
Hà Nội,4/18/2021 18:00,117,81,,14,
Cao Bằng,4/18/2021 6:00,41,74,,,2
Hồ Chí Minh ,4/23/2021 13:00,50,,,,
Hà Nội,4/23/2021 14:00,54,,,,
Hà Nội,4/23/2021 13:00,87,,6.9,0.1,4.1
Gia Lai,4/23/2021 14:00,28,23,9,3,11
Thừa Thiên Huế,4/23/2021 14:00,,,,5,
Hà Nội,2/26/2021 15:00,1,1,50,12,1
Bắc Ninh,4/23/2021 13:00,43,42,11,3,7
Lào Cai,4/23/2021 14:00,157,115,2,33,61
Hạ Long,4/23/2021 13:00,,,,,
Quảng Ninh,3/22/2021 13:00,45,50,4,98,10
Bắc Ninh,4/22/2021 21:00,54,56,6,2,8
Bắc Ninh,4/23/2021 14:00,28,26,2,5,1
Hà Nội,4/23/2021 13:00,48,47,30,21,
Hà Nội,4/23/2021 13:00,22,17,5,2,
Hà Nội,4/23/2021 13:00,38,32,20,5,
Hà Nội,4/12/2021 5:00,1,1,27,6,1
Đà Nẵng,4/23/2021 14:00,51,33,11,3,22
Nha Trang,4/23/2021 13:00,,,4,1,4
Hà Nội,4/23/2021 13:00,46,45,15,6,
Hà Nội,4/23/2021 13:00,18,13,4,2,
Hà Nội,4/23/2021 13:00,37,37,18,10,
Hà Nội,4/23/2021 13:00,49,37,,5,
Cao Bằng,4/23/2021 14:00,86,102,1,,5
Hồ Chí Minh ,4/27/2021 10:00,70,,,,
Hà Nội,4/27/2021 10:00,74,,,,
Hà Nội,4/27/2021 10:00,85,,7.4,0.1,5.6
Gia Lai,4/27/2021 10:00,30,24,7,3,11
Thừa Thiên Huế,4/27/2021 11:00,,,,9,
Hà Nội,2/26/2021 15:00,1,1,50,12,1
Bắc Ninh,4/27/2021 10:00,76,140,13,5,8
Lào Cai,4/27/2021 11:00,29,1,1,35,66
Hạ Long,4/27/2021 10:00,,,,,
Quảng Ninh,3/22/2021 13:00,45,50,4,98,10
Bắc Ninh,4/27/2021 10:00,20,18,3,3,2
Bắc Ninh,4/27/2021 10:00,18,19,4,30,8
Hà Nội,4/27/2021 9:00,59,53,39,36,
Hà Nội,4/27/2021 9:00,16,11,10,3,
Hà Nội,4/27/2021 10:00,28,21,26,9,
Hà Nội,4/12/2021 5:00,1,1,27,6,1
Đà Nẵng,4/27/2021 10:00,32,21,11,2,22
Nha Trang,4/27/2021 10:00,,,2,1,4
Hà Nội,4/27/2021 10:00,51,51,13,8,
Hà Nội,4/27/2021 9:00,18,13,8,3,
Hà Nội,4/27/2021 9:00,63,57,21,15,
Hà Nội,4/27/2021 9:00,43,29,,9,
Cao Bằng,4/27/2021 11:00,51,52,1,,7
Hồ Chí Minh ,4/29/2021 12:00,74,,,,
Hà Nội,4/29/2021 13:00,34,,,,
Hà Nội,4/29/2021 12:00,74,,7.8,0.1,5.1
Gia Lai,4/29/2021 13:00,19,16,3,1,11
Thừa Thiên Huế,4/29/2021 13:00,,,,5,
Hà Nội,2/26/2021 15:00,1,1,50,12,1
Bắc Ninh,4/29/2021 12:00,53,52,9,2,18
Lào Cai,4/29/2021 13:00,29,1,1,37,64
Hạ Long,4/29/2021 12:00,,,,,
Quảng Ninh,3/22/2021 13:00,45,50,4,98,10
Bắc Ninh,4/29/2021 12:00,27,25,2,2,2
Bắc Ninh,4/29/2021 13:00,35,33,2,3,2
Hà Nội,4/27/2021 15:00,91,65,37,29,
Hà Nội,4/27/2021 16:00,36,23,6,4,
Hà Nội,4/27/2021 16:00,60,45,28,13,
Hà Nội,4/12/2021 5:00,1,1,27,6,1
Đà Nẵng,4/29/2021 13:00,42,34,11,3,28
Nha Trang,4/29/2021 12:00,,,2,1,4
Hà Nội,4/27/2021 16:00,41,37,18,17,
Hà Nội,4/27/2021 16:00,32,27,7,3,
Hà Nội,4/27/2021 16:00,74,63,19,12,
Hà Nội,4/29/2021 11:00,30,21,,5,
Cao Bằng,4/29/2021 13:00,60,107,1,,6
Hồ Chí Minh ,4/27/2021 19:00,78,,,,
Hà Nội,5/2/2021 8:00,131,,,,
Hà Nội,5/2/2021 8:00,76,,8.7,0.2,4.6
Gia Lai,4/29/2021 17:00,19,17,3,1,11
Thừa Thiên Huế,4/29/2021 17:00,,,,5,
Hà Nội,2/26/2021 15:00,1,1,50,12,1
Bắc Ninh,4/29/2021 17:00,91,108,11,3,7
Lào Cai,4/29/2021 17:00,29,1,2,44,66
Hạ Long,4/29/2021 16:00,,,,,
Quảng Ninh,3/22/2021 13:00,45,50,4,98,10
Bắc Ninh,4/29/2021 17:00,30,28,3,2,2
Bắc Ninh,4/29/2021 17:00,44,38,5,3,2
Hà Nội,4/27/2021 15:00,91,65,37,29,
Hà Nội,4/27/2021 16:00,36,23,6,4,
Hà Nội,4/27/2021 16:00,60,45,28,13,
Hà Nội,4/12/2021 5:00,1,1,27,6,1
Đà Nẵng,4/29/2021 17:00,40,34,11,3,24
Nha Trang,4/29/2021 17:00,,,1,1,5
Hà Nội,4/27/2021 16:00,41,37,18,17,
Hà Nội,4/27/2021 16:00,32,27,7,3,
Hà Nội,4/27/2021 16:00,74,63,19,12,
Hà Nội,4/29/2021 14:00,27,19,,5,
Cao Bằng,4/29/2021 17:00,57,107,1,,2
Hồ Chí Minh ,5/5/2021 7:00,91,,,,
Hà Nội,5/5/2021 8:00,33,,,,
Hà Nội,5/5/2021 7:00,74,,8.7,0.2,4.6
Gia Lai,5/5/2021 7:00,25,17,4,2,12
Thừa Thiên Huế,5/5/2021 8:00,,,,8,
Hà Nội,2/26/2021 15:00,1,1,50,12,1
Bắc Ninh,5/5/2021 7:00,153,85,12,3,12
Lào Cai,5/5/2021 3:00,,1,3,34,53
Hạ Long,4/29/2021 17:00,,,,,
Quảng Ninh,3/22/2021 13:00,45,50,4,98,10
Bắc Ninh,5/5/2021 7:00,48,51,4,1,2
Bắc Ninh,5/5/2021 7:00,49,39,6,4,1
Hà Nội,4/27/2021 15:00,91,65,37,29,
Hà Nội,4/27/2021 16:00,36,23,6,4,
Hà Nội,4/27/2021 16:00,60,45,28,13,
Hà Nội,4/12/2021 5:00,1,1,27,6,1
Đà Nẵng,5/4/2021 23:00,58,33,11,1,24
Nha Trang,5/5/2021 8:00,,,7,7,5
Hà Nội,4/27/2021 16:00,41,37,18,17,
Hà Nội,4/27/2021 16:00,32,27,7,3,
Hà Nội,4/27/2021 16:00,74,63,19,12,
Hà Nội,5/4/2021 20:00,41,29,,5,
Cao Bằng,5/5/2021 3:00,40,37,1,,2
Hồ Chí Minh ,5/10/2021 12:00,55,,,,
Hà Nội,5/10/2021 12:00,53,,,,
Hà Nội,5/10/2021 12:00,112,,6.4,0.1,4.1
Gia Lai,5/10/2021 13:00,40,31,7,3,12
Thừa Thiên Huế,5/10/2021 13:00,,,,7,
Hà Nội,2/26/2021 15:00,1,1,50,12,1
Bắc Ninh,5/10/2021 12:00,76,68,7,1,7
Lào Cai,5/10/2021 13:00,,1,1,34,55
Hạ Long,4/29/2021 17:00,,,,,
Quảng Ninh,3/22/2021 13:00,45,50,4,98,10
Bắc Ninh,5/10/2021 1:00,39,39,13,1,1
Bắc Ninh,5/10/2021 1:00,37,34,2,6,1
Hà Nội,4/27/2021 15:00,91,65,37,29,
Hà Nội,4/27/2021 16:00,36,23,6,4,
Hà Nội,4/27/2021 16:00,60,45,28,13,
Hà Nội,4/12/2021 5:00,1,1,27,6,1
Đà Nẵng,5/5/2021 1:00,58,33,10,1,23
Nha Trang,5/10/2021 12:00,,,1,1,5
Hà Nội,4/27/2021 16:00,41,37,18,17,
Hà Nội,4/27/2021 16:00,32,27,7,3,
Hà Nội,4/27/2021 16:00,74,63,19,12,
Hà Nội,5/5/2021 14:00,18,12,,5,
Cao Bằng,5/10/2021 13:00,87,113,1,,2
Hồ Chí Minh ,5/11/2021 13:00,70,,,,
Hà Nội,5/11/2021 13:00,58,,,,
Hà Nội,5/11/2021 13:00,117,,7.4,0.1,3.6
Gia Lai,5/11/2021 13:00,52,37,6,3,12
Thừa Thiên Huế,5/11/2021 13:00,,,,6,
Hà Nội,2/26/2021 15:00,0,0,0,0,0
Bắc Ninh,5/11/2021 5:00,50,39,5,1,7
Lào Cai,5/10/2021 16:00,,1,1,34,55
Hạ Long,4/29/2021 17:00,,,,,
Quảng Ninh,3/22/2021 13:00,45,50,4,98,10
Bắc Ninh,5/11/2021 2:00,41,39,5,1,1
Bắc Ninh,5/11/2021 5:00,56,40,2,7,1
Hà Nội,4/27/2021 15:00,91,65,37,29,
Hà Nội,4/27/2021 16:00,36,23,6,4,
Hà Nội,4/27/2021 16:00,60,45,28,13,
Hà Nội,4/12/2021 5:00,1,1,27,6,1
Đà Nẵng,5/5/2021 1:00,58,33,10,1,23
Nha Trang,5/11/2021 13:00,,,1,1,5
Hà Nội,4/27/2021 16:00,41,37,18,17,
Hà Nội,4/27/2021 16:00,32,27,7,3,
Hà Nội,4/27/2021 16:00,74,63,19,12,
Hà Nội,5/5/2021 14:00,18,12,,5,
Cao Bằng,5/11/2021 13:00,73,73,1,,2
Hồ Chí Minh ,5/13/2021 18:00,57,,,,
Hà Nội,5/11/2021 22:00,14,,,,
Hà Nội,5/13/2021 17:00,61,,7.4,0.2,4.6
Gia Lai,5/13/2021 18:00,33,30,5,2,12
Thừa Thiên Huế,5/13/2021 18:00,,,,7,
Hà Nội,2/26/2021 15:00,0,0,0,0,0
Bắc Ninh,5/13/2021 13:00,70,63,12,2,7
Lào Cai,5/13/2021 18:00,21,1,2,34,53
Hạ Long,4/29/2021 17:00,,,,,
Quảng Ninh,3/22/2021 13:00,45,50,4,98,10
Bắc Ninh,5/13/2021 10:00,50,59,15,2,1
Bắc Ninh,5/13/2021 17:00,30,26,6,6,1
Hà Nội,4/27/2021 15:00,91,65,37,29,
Hà Nội,4/27/2021 16:00,36,23,6,4,
Hà Nội,4/27/2021 16:00,60,45,28,13,
Hà Nội,4/12/2021 5:00,1,1,27,6,1
Đà Nẵng,5/5/2021 1:00,58,33,10,1,23
Nha Trang,5/13/2021 18:00,,,1,1,5
Hà Nội,4/27/2021 16:00,41,37,18,17,
Hà Nội,4/27/2021 16:00,32,27,7,3,
Hà Nội,4/27/2021 16:00,74,63,19,12,
Hà Nội,5/5/2021 14:00,18,12,,5,
Cao Bằng,5/13/2021 18:00,75,103,1,,2
Hồ Chí Minh ,5/15/2021 12:00,38,,,,
Hà Nội,5/14/2021 20:00,89,,,,
Hà Nội,5/15/2021 13:00,97,,6,0.1,4.1
Gia Lai,5/15/2021 13:00,11,13,5,2,12
Thừa Thiên Huế,5/15/2021 13:00,,,,5,
Hà Nội,2/26/2021 15:00,0,0,0,0,0
Bắc Ninh,5/15/2021 13:00,44,49,5,1,7
Lào Cai,5/15/2021 13:00,21,1,1,32,53
Hạ Long,4/29/2021 17:00,,,,,
Quảng Ninh,3/22/2021 13:00,45,50,4,98,10
Bắc Ninh,5/15/2021 3:00,23,25,6,1,4
Bắc Ninh,5/15/2021 6:00,23,23,2,7,1
Hà Nội,4/27/2021 15:00,91,65,37,29,
Hà Nội,4/27/2021 16:00,36,23,6,4,
Hà Nội,4/27/2021 16:00,60,45,28,13,
Hà Nội,4/12/2021 5:00,1,1,27,6,1
Đà Nẵng,5/5/2021 1:00,58,33,10,1,23
Nha Trang,5/15/2021 12:00,,,1,1,5
Hà Nội,4/27/2021 16:00,41,37,18,17,
Hà Nội,4/27/2021 16:00,32,27,7,3,
Hà Nội,4/27/2021 16:00,74,63,19,12,
Hà Nội,5/5/2021 14:00,18,12,,5,
Cao Bằng,5/15/2021 13:00,76,84,1,,2
Hồ Chí Minh ,5/18/2021 8:00,61,,,,
Hà Nội,5/18/2021 9:00,45,,,,
Hà Nội,5/18/2021 9:00,53,,6.4,0.1,4.6
Gia Lai,5/18/2021 9:00,20,20,6,2,13
Thừa Thiên Huế,5/18/2021 9:00,,,,7,
Hà Nội,2/26/2021 15:00,0,0,0,0,0
Bắc Ninh,5/18/2021 1:00,19,18,5,2,7
Lào Cai,5/18/2021 9:00,2,1,2,47,52
Hạ Long,4/29/2021 17:00,,,,,
Quảng Ninh,3/22/2021 13:00,45,50,4,98,10
Bắc Ninh,5/18/2021 2:00,23,24,7,1,7
Bắc Ninh,5/18/2021 9:00,24,23,1,7,2
Hà Nội,4/27/2021 15:00,91,65,37,29,
Hà Nội,4/27/2021 16:00,36,23,6,4,
Hà Nội,4/27/2021 16:00,60,45,28,13,
Hà Nội,4/12/2021 5:00,1,1,27,6,1
Đà Nẵng,5/5/2021 1:00,58,33,10,1,23
Nha Trang,5/18/2021 9:00,,,5,3,5
Hà Nội,4/27/2021 16:00,41,37,18,17,
Hà Nội,4/27/2021 16:00,32,27,7,3,
Hà Nội,4/27/2021 16:00,74,63,19,12,
Hà Nội,5/5/2021 14:00,18,12,,5,
Cao Bằng,5/18/2021 9:00,105,91,1,,2
Hồ Chí Minh ,5/19/2021 14:00,85,,,,
Hà Nội,5/19/2021 15:00,55,,,,
Hà Nội,5/19/2021 14:00,93,,6.4,0.1,4.1
Gia Lai,5/19/2021 15:00,11,12,8,2,12
Thừa Thiên Huế,5/19/2021 15:00,,,,3,
Hà Nội,2/26/2021 15:00,0,0,0,0,0
Bắc Ninh,5/19/2021 15:00,50,55,5,2,7
Lào Cai,5/13/2021 18:00,2,1,1,35,55
Hạ Long,4/29/2021 17:00,,,,,
Quảng Ninh,5/19/2021 13:00,5,5,3,2,1
Bắc Ninh,5/19/2021 15:00,46,50,5,1,18
Bắc Ninh,5/13/2021 17:00,51,40,1,6,2
Hà Nội,4/27/2021 15:00,91,65,37,29,
Hà Nội,4/27/2021 16:00,36,23,6,4,
Hà Nội,4/27/2021 16:00,60,45,28,13,
Hà Nội,4/12/2021 5:00,1,1,27,6,1
Đà Nẵng,5/5/2021 1:00,58,33,10,1,23
Nha Trang,5/19/2021 14:00,,,1,1,5
Hà Nội,4/27/2021 16:00,41,37,18,17,
Hà Nội,4/27/2021 16:00,32,27,7,3,
Hà Nội,4/27/2021 16:00,74,63,19,12,
Hà Nội,5/5/2021 14:00,18,12,,5,
Cao Bằng,5/19/2021 15:00,100,142,1,,2
Hồ Chí Minh ,5/20/2021 13:00,53,,,,
Hà Nội,5/20/2021 13:00,57,,,,
Hà Nội,5/20/2021 14:00,85,,7.4,0.1,4.1
Gia Lai,5/20/2021 14:00,15,14,8,2,12
Thừa Thiên Huế,5/20/2021 14:00,,,,4,
Hà Nội,2/26/2021 15:00,0,0,0,0,0
Bắc Ninh,5/20/2021 11:00,53,57,9,2,7
Lào Cai,5/20/2021 14:00,2,1,6,34,53
Hạ Long,4/29/2021 17:00,,,,,
Quảng Ninh,5/20/2021 12:00,7,6,3,3,1
Bắc Ninh,5/20/2021 11:00,60,57,5,1,10
Bắc Ninh,5/20/2021 12:00,56,44,2,7,1
Hà Nội,4/27/2021 15:00,91,65,37,29,
Hà Nội,4/27/2021 16:00,36,23,6,4,
Hà Nội,4/27/2021 16:00,60,45,28,13,
Hà Nội,4/12/2021 5:00,1,1,27,6,1
Đà Nẵng,5/5/2021 1:00,58,33,10,1,23
Nha Trang,5/20/2021 14:00,,,4,2,5
Hà Nội,4/27/2021 16:00,41,37,18,17,
Hà Nội,4/27/2021 16:00,32,27,7,3,
Hà Nội,4/27/2021 16:00,74,63,19,12,
Hà Nội,5/5/2021 14:00,18,12,,5,
Cao Bằng,5/20/2021 14:00,75,83,1,,1
Hồ Chí Minh ,5/21/2021 15:00,57,,,,
Hà Nội,5/21/2021 16:00,48,,,,
Hà Nội,5/21/2021 16:00,102,,6.4,0.1,4.6
Gia Lai,5/21/2021 16:00,36,31,14,4,12
Thừa Thiên Huế,5/21/2021 16:00,,,,3,
Hà Nội,2/26/2021 15:00,1,1,50,12,1
Bắc Ninh,5/20/2021 16:00,63,69,13,3,7
Lào Cai,5/21/2021 16:00,2,1,2,34,52
Hạ Long,4/29/2021 17:00,,99.5,,,
Quảng Ninh,5/21/2021 14:00,6,6,3,4,1
Bắc Ninh,5/20/2021 16:00,74,69,12,2,20
Bắc Ninh,5/20/2021 16:00,66,51,1,6,2
Hà Nội,4/27/2021 15:00,91,65,37,29,
Hà Nội,4/27/2021 16:00,36,23,6,4,
Hà Nội,4/27/2021 16:00,60,45,28,13,
Hà Nội,4/12/2021 5:00,1,1,27,6,1
Đà Nẵng,5/21/2021 16:00,25,21,11,1,25
Nha Trang,5/21/2021 15:00,,,5,2,5
Hà Nội,4/27/2021 16:00,41,37,18,17,
Hà Nội,4/27/2021 16:00,32,27,7,3,
Hà Nội,4/27/2021 16:00,74,63,19,12,
Hà Nội,5/5/2021 14:00,18,12,,5,
Cao Bằng,5/21/2021 16:00,79,97,1,,1
Hồ Chí Minh ,5/24/2021 9:00,57,,,,
Hà Nội,5/24/2021 9:00,57,,,,
Hà Nội,5/24/2021 10:00,78,,6.9,0.1,4.6
Gia Lai,5/24/2021 10:00,22,27,10,3,13
Thừa Thiên Huế,5/24/2021 10:00,,,,10,
Hà Nội,2/26/2021 15:00,1,1,50,12,1
Bắc Ninh,5/24/2021 9:00,95,57,8,5,7
Lào Cai,5/24/2021 8:00,27,26,2,45,52
Hạ Long,4/29/2021 17:00,,99.5,,,
Quảng Ninh,5/24/2021 8:00,7,9,8,7,1
Bắc Ninh,5/24/2021 9:00,29,38,2,2,1
Bắc Ninh,5/24/2021 10:00,43,33,2,7,3
Hà Nội,4/27/2021 15:00,91,65,37,29,
Hà Nội,4/27/2021 16:00,36,23,6,4,
Hà Nội,4/27/2021 16:00,60,45,28,13,
Hà Nội,4/12/2021 5:00,1,1,27,6,1
Đà Nẵng,5/24/2021 10:00,49,31,10,6,25
Nha Trang,5/24/2021 9:00,,,3,1,5
Hà Nội,4/27/2021 16:00,41,37,18,17,
Hà Nội,4/27/2021 16:00,32,27,7,3,
Hà Nội,4/27/2021 16:00,74,63,19,12,
Hà Nội,5/5/2021 14:00,18,12,,5,
Cao Bằng,5/24/2021 10:00,56,69,1,,1
Hồ Chí Minh ,5/26/2021 8:00,46,,,,
Hà Nội,5/26/2021 8:00,90,,,,
Hà Nội,5/26/2021 8:00,159,,7.4,0.2,5.1
Gia Lai,5/26/2021 8:00,17,17,8,3,14
Thừa Thiên Huế,5/26/2021 8:00,,,,5,
Hà Nội,2/26/2021 15:00,1,1,50,12,1
Bắc Ninh,5/26/2021 8:00,68,46,5,5,8
Lào Cai,5/26/2021 8:00,27,1,3,40,56
Hạ Long,4/29/2021 17:00,,99.5,,,
Quảng Ninh,5/26/2021 7:00,2,3,5,10,7
Bắc Ninh,5/26/2021 9:00,66,55,19,4,1
Bắc Ninh,5/26/2021 9:00,79,51,4,5,2
Hà Nội,4/27/2021 15:00,91,65,37,29,
Hà Nội,4/27/2021 16:00,36,23,6,4,
Hà Nội,4/27/2021 16:00,60,45,28,13,
Hà Nội,4/12/2021 5:00,1,1,27,6,1
Đà Nẵng,5/26/2021 9:00,43,31,11,7,26
Nha Trang,5/26/2021 9:00,,,8,8,5
Hà Nội,4/27/2021 16:00,41,37,18,17,
Hà Nội,4/27/2021 16:00,32,27,7,3,
Hà Nội,4/27/2021 16:00,74,63,19,12,
Hà Nội,5/5/2021 14:00,18,12,,5,
Cao Bằng,5/26/2021 8:00,88,89,1,,1
Hồ Chí Minh ,5/28/2021 8:00,63,,,,
Hà Nội,5/28/2021 7:00,72,,,,
Hà Nội,5/28/2021 7:00,97,,6.9,0.2,5.1
Gia Lai,5/28/2021 7:00,19,15,10,4,14
Thừa Thiên Huế,5/28/2021 7:00,,,,5,
Hà Nội,2/26/2021 15:00,1,1,50,12,1
Bắc Ninh,5/28/2021 7:00,59,43,7,3,8
Lào Cai,5/28/2021 7:00,27,1,1,42,84
Hạ Long,4/29/2021 17:00,,99.5,,,
Quảng Ninh,5/28/2021 6:00,2,3,4,13,1
Bắc Ninh,5/28/2021 8:00,39,52,9,2,1
Bắc Ninh,5/28/2021 7:00,46,37,6,7,2
Hà Nội,4/27/2021 15:00,91,65,37,29,
Hà Nội,4/27/2021 16:00,36,23,6,4,
Hà Nội,4/27/2021 16:00,60,45,28,13,
Hà Nội,4/12/2021 5:00,1,1,27,6,1
Đà Nẵng,5/28/2021 7:00,56,37,10,5,27
Nha Trang,5/28/2021 8:00,,,7,6,5
Hà Nội,4/27/2021 16:00,41,37,18,17,
Hà Nội,4/27/2021 16:00,32,27,7,3,
Hà Nội,4/27/2021 16:00,74,63,19,12,
Hà Nội,5/5/2021 14:00,18,12,,5,
Cao Bằng,5/28/2021 7:00,70,65,1,,1
Hồ Chí Minh ,5/30/2021 12:00,53,,,,
Hà Nội,5/30/2021 13:00,54,,,,
Hà Nội,5/30/2021 13:00,102,,6.9,0.1,4.6
Gia Lai,5/30/2021 13:00,20,18,4,1,12
Thừa Thiên Huế,5/30/2021 13:00,,,,3,
Hà Nội,2/26/2021 15:00,1,1,50,12,1
Bắc Ninh,5/30/2021 13:00,40,37,6,1,11
Lào Cai,5/30/2021 13:00,27,1,2,37,53
Hạ Long,4/29/2021 17:00,,99.5,,,
Quảng Ninh,5/30/2021 11:00,8,10,25,11,2
Bắc Ninh,5/30/2021 13:00,58,58,7,1,9
Bắc Ninh,5/30/2021 13:00,65,53,2,7,3
Hà Nội,4/27/2021 15:00,91,65,37,29,
Hà Nội,4/27/2021 16:00,36,23,6,4,
Hà Nội,4/27/2021 16:00,60,45,28,13,
Hà Nội,4/12/2021 5:00,1,1,27,6,1
Đà Nẵng,5/30/2021 13:00,45,33,11,1,24
Nha Trang,5/30/2021 12:00,,,1,1,5
Hà Nội,4/27/2021 16:00,41,37,18,17,
Hà Nội,4/27/2021 16:00,32,27,7,3,
Hà Nội,4/27/2021 16:00,74,63,19,12,
Hà Nội,5/5/2021 14:00,18,12,,5,
Cao Bằng,5/30/2021 13:00,65,71,1,,1
Hồ Chí Minh ,6/12/2021 12:00,46,,,,
Hà Nội,6/12/2021 13:00,65,,,,
Hà Nội,6/12/2021 13:00,65,,7.4,0.1,5.1
Gia Lai,6/12/2021 13:00,6,5,3,1,14
Thừa Thiên Huế,6/12/2021 13:00,,,,11,
Hà Nội,2/26/2021 15:00,1,1,50,12,1
Bắc Ninh,6/12/2021 13:00,52,39,7,1,8
Lào Cai,6/12/2021 13:00,99.5,191,1,43,52
Hạ Long,6/12/2021 13:00,,0.5,,,
Quảng Ninh,6/12/2021 12:00,12,16,2,12,5
Bắc Ninh,6/12/2021 13:00,47,40,5,1,8
Bắc Ninh,6/12/2021 13:00,57,42,2,6,1
Hà Nội,4/27/2021 15:00,91,65,37,29,
Hà Nội,4/27/2021 16:00,36,23,6,4,
Hà Nội,4/27/2021 16:00,60,45,28,13,
Hà Nội,4/12/2021 5:00,1,1,27,6,1
Đà Nẵng,6/12/2021 13:00,26,20,10,4,29
Nha Trang,6/12/2021 13:00,,,2,2,5
Hà Nội,4/27/2021 16:00,41,37,18,17,
Hà Nội,4/27/2021 16:00,32,27,7,3,
Hà Nội,4/27/2021 16:00,74,63,19,12,
Hà Nội,5/5/2021 14:00,18,12,,5,
Cao Bằng,6/12/2021 13:00,52,61,,,2
Hồ Chí Minh ,6/13/2021 8:00,68,,,,
Hà Nội,6/13/2021 8:00,61,,,,
Hà Nội,6/13/2021 8:00,21,,6.4,0.1,5.1
Gia Lai,6/13/2021 0:00,6,5,2,1,14
Thừa Thiên Huế,6/13/2021 8:00,,,,8,
Hà Nội,2/26/2021 15:00,1,1,50,12,1
Bắc Ninh,6/13/2021 8:00,13,13,4,1,9
Lào Cai,6/13/2021 6:00,2.6,16,1,45,52
Hạ Long,6/13/2021 8:00,,3.8,,,
Quảng Ninh,6/13/2021 7:00,13,14,9,9,5
Bắc Ninh,6/13/2021 7:00,8,14,3,1,2
Bắc Ninh,6/13/2021 8:00,9,12,3,6,2
Hà Nội,4/27/2021 15:00,91,65,37,29,
Hà Nội,4/27/2021 16:00,36,23,6,4,
Hà Nội,4/27/2021 16:00,60,45,28,13,
Hà Nội,4/12/2021 5:00,1,1,27,6,1
Đà Nẵng,6/13/2021 8:00,,,11,9,28
Nha Trang,6/13/2021 8:00,,,8,7,5
Hà Nội,4/27/2021 16:00,41,37,18,17,
Hà Nội,4/27/2021 16:00,32,27,7,3,
Hà Nội,4/27/2021 16:00,74,63,19,12,
Hà Nội,5/5/2021 14:00,18,12,,5,
Cao Bằng,6/13/2021 8:00,53,55,,,2
Hồ Chí Minh ,6/14/2021 13:00,38,,,,
Hà Nội,6/14/2021 13:00,38,,,,
Hà Nội,6/14/2021 13:00,53,,7.4,0.1,5.6
Gia Lai,6/14/2021 14:00,14,14,3,2,13
Thừa Thiên Huế,6/14/2021 14:00,,,,4,
Hà Nội,2/26/2021 15:00,1,1,50,12,1
Bắc Ninh,6/14/2021 13:00,18,22,6,1,9
Lào Cai,6/14/2021 14:00,0.5,16,1,39,52
Hạ Long,6/14/2021 14:00,,3.8,,,
Quảng Ninh,6/14/2021 12:00,18,20,2,12,3
Bắc Ninh,6/14/2021 13:00,22,48,4,1,7
Bắc Ninh,6/14/2021 14:00,13,13,1,6,2
Hà Nội,4/27/2021 15:00,91,65,37,29,
Hà Nội,4/27/2021 16:00,36,23,6,4,
Hà Nội,4/27/2021 16:00,60,45,28,13,
Hà Nội,4/12/2021 5:00,1,1,27,6,1
Đà Nẵng,6/14/2021 14:00,,,11,3,28
Nha Trang,6/14/2021 13:00,,,1,1,5
Hà Nội,4/27/2021 16:00,41,37,18,17,
Hà Nội,4/27/2021 16:00,32,27,7,3,
Hà Nội,4/27/2021 16:00,74,63,19,12,
Hà Nội,5/5/2021 14:00,18,12,,5,
Cao Bằng,6/14/2021 14:00,41,53,,,2
Hồ Chí Minh ,6/21/2021 9:00,42,,,,
Hà Nội,6/19/2021 7:00,38,,,,
Hà Nội,6/21/2021 9:00,59,,6.4,0.1,3.6
Gia Lai,6/21/2021 10:00,24,24,6,3,14
Thừa Thiên Huế,6/21/2021 10:00,,,,5,
Hà Nội,2/26/2021 15:00,1,1,50,12,1
Bắc Ninh,6/21/2021 9:00,52,46,7,2,9
Lào Cai,6/21/2021 9:00,0.5,8,2,38,52
Hạ Long,6/21/2021 9:00,,,,,
Quảng Ninh,6/21/2021 6:00,38,52,12,26,32
Bắc Ninh,6/21/2021 9:00,79,73,14,2,1
Bắc Ninh,6/21/2021 10:00,94,65,6,7,2
Hà Nội,4/27/2021 15:00,91,65,37,29,
Hà Nội,4/27/2021 16:00,36,23,6,4,
Hà Nội,4/27/2021 16:00,60,45,28,13,
Hà Nội,4/12/2021 5:00,1,1,27,6,1
Đà Nẵng,6/21/2021 10:00,,,11,6,38
Nha Trang,6/15/2021 21:00,,,11,5,5
Hà Nội,4/27/2021 16:00,41,37,18,17,
Hà Nội,4/27/2021 16:00,32,27,7,3,
Hà Nội,4/27/2021 16:00,74,63,19,12,
Hà Nội,5/5/2021 14:00,18,12,,5,
Cao Bằng,6/21/2021 10:00,135,122,1,,2
Hồ Chí Minh ,6/22/2021 7:00,42,,,,
Hà Nội,6/22/2021 7:00,48,,,,
Hà Nội,6/22/2021 8:00,132,,6.4,0.1,3.6
Gia Lai,6/22/2021 8:00,24,22,9,4,14
Thừa Thiên Huế,6/22/2021 8:00,,,,7,
Hà Nội,2/26/2021 15:00,1,1,50,12,1
Bắc Ninh,6/22/2021 8:00,65,55,7,3,9
Lào Cai,6/22/2021 8:00,8,8,2,55,52
Hạ Long,6/22/2021 8:00,,,,,
Quảng Ninh,6/22/2021 6:00,44,56,20,40,32
Bắc Ninh,6/22/2021 8:00,119,72,8,3,1
Bắc Ninh,6/22/2021 8:00,92,59,9,9,2
Hà Nội,4/27/2021 15:00,91,65,37,29,
Hà Nội,4/27/2021 16:00,36,23,6,4,
Hà Nội,4/27/2021 16:00,60,45,28,13,
Hà Nội,4/12/2021 5:00,1,1,27,6,1
Đà Nẵng,6/22/2021 8:00,,,11,4,42
Nha Trang,6/22/2021 7:00,,,8,7,5
Hà Nội,4/27/2021 16:00,41,37,18,17,
Hà Nội,4/27/2021 16:00,32,27,7,3,
Hà Nội,4/27/2021 16:00,74,63,19,12,
Hà Nội,5/5/2021 14:00,18,12,,5,
Cao Bằng,6/22/2021 8:00,48,66,1,,2
Hồ Chí Minh ,6/23/2021 8:00,46,,,,
Hà Nội,6/23/2021 8:00,70,,,,
Hà Nội,6/23/2021 8:00,68,,6.4,0.2,3.6
Gia Lai,6/23/2021 8:00,12,15,7,3,14
Thừa Thiên Huế,6/23/2021 8:00,,,,7,
Hà Nội,2/26/2021 15:00,1,1,50,12,1
Bắc Ninh,6/23/2021 8:00,38,49,7,3,9
Lào Cai,6/23/2021 8:00,8,,2,36,52
Hạ Long,6/23/2021 8:00,,,,,
Quảng Ninh,6/23/2021 7:00,18,25,13,11,32
Bắc Ninh,6/23/2021 8:00,42,55,14,3,1
Bắc Ninh,6/23/2021 8:00,22,18,4,7,3
Hà Nội,4/27/2021 15:00,91,65,37,29,
Hà Nội,4/27/2021 16:00,36,23,6,4,
Hà Nội,4/27/2021 16:00,60,45,28,13,
Hà Nội,4/12/2021 5:00,1,1,27,6,1
Đà Nẵng,6/23/2021 8:00,,,11,8,37
Nha Trang,6/23/2021 8:00,,,14,7,5
Hà Nội,4/27/2021 16:00,41,37,18,17,
Hà Nội,4/27/2021 16:00,32,27,7,3,
Hà Nội,4/27/2021 16:00,74,63,19,12,
Hà Nội,5/5/2021 14:00,18,12,,5,
Cao Bằng,6/23/2021 8:00,45,53,1,,2
Hồ Chí Minh ,6/24/2021 9:00,55,,,,
Hà Nội,6/24/2021 9:00,78,,,,
Hà Nội,6/24/2021 9:00,82,,6.4,0.2,3.6
Gia Lai,6/24/2021 9:00,15,16,6,3,14
Thừa Thiên Huế,6/24/2021 9:00,,,,6,
Hà Nội,2/26/2021 15:00,1,1,50,12,1
Bắc Ninh,6/24/2021 9:00,41,44,8,2,9
Lào Cai,6/24/2021 9:00,,,1,53,53
Hạ Long,6/24/2021 9:00,,,,,
Quảng Ninh,6/24/2021 8:00,42,52,21,21,32
Bắc Ninh,6/24/2021 9:00,63,74,22,2,1
Bắc Ninh,6/24/2021 9:00,53,47,6,6,3
Hà Nội,4/27/2021 15:00,91,65,37,29,
Hà Nội,4/27/2021 16:00,36,23,6,4,
Hà Nội,4/27/2021 16:00,60,45,28,13,
Hà Nội,4/12/2021 5:00,1,1,27,6,1
Đà Nẵng,6/24/2021 9:00,,,10,11,43
Nha Trang,6/24/2021 9:00,,,10,4,5
Hà Nội,4/27/2021 16:00,41,37,18,17,
Hà Nội,4/27/2021 16:00,32,27,7,3,
Hà Nội,4/27/2021 16:00,74,63,19,12,
Hà Nội,5/5/2021 14:00,18,12,,5,
Cao Bằng,6/24/2021 9:00,25,21,1,,2
Hồ Chí Minh ,6/26/2021 16:00,50,,,,
Hà Nội,6/26/2021 16:00,63,,,,
Hà Nội,6/26/2021 16:00,42,,5.1,0.1,4.1
Gia Lai,6/26/2021 16:00,20,18,6,2,13
Thừa Thiên Huế,6/26/2021 16:00,,,,2,
Hà Nội,2/26/2021 15:00,1,1,50,12,1
Bắc Ninh,6/26/2021 16:00,25,31,15,4,9
Lào Cai,6/26/2021 17:00,,,1,36,52
Hạ Long,6/26/2021 16:00,,,,,
Quảng Ninh,6/26/2021 14:00,19,25,5,54,2
Bắc Ninh,6/26/2021 16:00,26,28,3,1,1
Bắc Ninh,6/26/2021 16:00,28,25,3,6,3
Hà Nội,4/27/2021 15:00,91,65,37,29,
Hà Nội,4/27/2021 16:00,36,23,6,4,
Hà Nội,4/27/2021 16:00,60,45,28,13,
Hà Nội,4/12/2021 5:00,1,1,27,6,1
Đà Nẵng,6/26/2021 16:00,22,19,11,1,27
Nha Trang,6/26/2021 16:00,,,3,1,5
Hà Nội,4/27/2021 16:00,41,37,18,17,
Hà Nội,4/27/2021 16:00,32,27,7,3,
Hà Nội,4/27/2021 16:00,74,63,19,12,
Hà Nội,5/5/2021 14:00,18,12,,5,
Cao Bằng,6/26/2021 16:00,63,124,1,,2
Hồ Chí Minh ,6/28/2021 13:00,55,,,,
Hà Nội,6/28/2021 13:00,37,,,,
Hà Nội,6/28/2021 13:00,38,,5.1,0.1,4.1
Gia Lai,6/28/2021 13:00,22,22,3,2,13
Thừa Thiên Huế,6/28/2021 13:00,,,,2,
Hà Nội,2/26/2021 15:00,1,1,50,12,1
Bắc Ninh,6/28/2021 13:00,16,22,6,1,9
Lào Cai,6/28/2021 13:00,,,1,36,53
Hạ Long,6/28/2021 13:00,,,,,
Quảng Ninh,6/28/2021 11:00,19,33,5,11,2
Bắc Ninh,6/28/2021 13:00,29,36,4,1,3
Bắc Ninh,6/28/2021 13:00,25,30,2,6,3
Hà Nội,4/27/2021 15:00,91,65,37,29,
Hà Nội,4/27/2021 16:00,36,23,6,4,
Hà Nội,4/27/2021 16:00,60,45,28,13,
Hà Nội,4/12/2021 5:00,1,1,27,6,1
Đà Nẵng,6/28/2021 13:00,14,15,11,1,32
Nha Trang,6/27/2021 15:00,,,5,3,5
Hà Nội,4/27/2021 16:00,41,37,18,17,
Hà Nội,4/27/2021 16:00,32,27,7,3,
Hà Nội,4/27/2021 16:00,74,63,19,12,
Hà Nội,5/5/2021 14:00,18,12,,5,
Cao Bằng,6/28/2021 13:00,75,89,1,,2
Hồ Chí Minh ,6/29/2021 8:00,55,,,,
Hà Nội,6/29/2021 8:00,38,,,,
Hà Nội,6/29/2021 8:00,61,,5.1,0.2,4.1
Gia Lai,6/29/2021 8:00,18,19,8,3,14
Thừa Thiên Huế,6/29/2021 8:00,,,,5,
Hà Nội,2/26/2021 15:00,1,1,50,12,1
Bắc Ninh,6/28/2021 22:00,67,53,12,5,9
Lào Cai,6/28/2021 19:00,,,2,36,53
Hạ Long,6/29/2021 8:00,,,,,
Quảng Ninh,6/29/2021 6:00,24,35,9,13,2
Bắc Ninh,6/29/2021 8:00,48,60,10,1,1
Bắc Ninh,6/29/2021 8:00,30,37,10,6,3
Hà Nội,4/27/2021 15:00,91,65,37,29,
Hà Nội,4/27/2021 16:00,36,23,6,4,
Hà Nội,4/27/2021 16:00,60,45,28,13,
Hà Nội,4/12/2021 5:00,1,1,27,6,1
Đà Nẵng,6/29/2021 8:00,26,32,11,10,41
Nha Trang,6/27/2021 15:00,,,5,3,5
Hà Nội,4/27/2021 16:00,41,37,18,17,
Hà Nội,4/27/2021 16:00,32,27,7,3,
Hà Nội,4/27/2021 16:00,74,63,19,12,
Hà Nội,5/5/2021 14:00,18,12,,5,
Cao Bằng,6/29/2021 8:00,50,54,1,,2
Hồ Chí Minh ,7/5/2021 15:00,30,,,,
Hà Nội,7/5/2021 16:00,36,,,,
Hà Nội,7/5/2021 16:00,53,,5.1,0.2,4.1
Gia Lai,7/5/2021 16:00,15,16,8,3,14
Thừa Thiên Huế,7/5/2021 16:00,,,,3,
Hà Nội,2/26/2021 15:00,1,1,50,12,1
Bắc Ninh,6/28/2021 22:00,67,53,12,5,9
Lào Cai,7/5/2021 16:00,,,1,37,53
Hạ Long,7/5/2021 16:00,,,16,,
Quảng Ninh,7/5/2021 15:00,10,15,5,15,2
Bắc Ninh,7/5/2021 16:00,38,52,4,1,2
Bắc Ninh,7/5/2021 16:00,23,20,1,6,3
Hà Nội,4/27/2021 15:00,91,65,37,29,
Hà Nội,4/27/2021 16:00,36,23,6,4,
Hà Nội,4/27/2021 16:00,60,45,28,13,
Hà Nội,4/12/2021 5:00,1,1,27,6,1
Đà Nẵng,7/5/2021 16:00,33,26,11,5,28
Nha Trang,7/5/2021 15:00,,,3,2,5
Hà Nội,4/27/2021 16:00,41,37,18,17,
Hà Nội,4/27/2021 16:00,32,27,7,3,
Hà Nội,4/27/2021 16:00,74,63,19,12,
Hà Nội,5/5/2021 14:00,18,12,,5,
Cao Bằng,7/5/2021 16:00,61,64,,,1
Hồ Chí Minh ,7/6/2021 8:00,76,,,,
Hà Nội,7/6/2021 9:00,63,,,,
Hà Nội,7/6/2021 9:00,55,,5.1,0.2,4.6
Gia Lai,7/6/2021 9:00,12,14,6,2,15
Thừa Thiên Huế,7/6/2021 9:00,,,,7,
Hà Nội,2/26/2021 15:00,1,1,50,12,1
Bắc Ninh,6/28/2021 22:00,67,53,12,5,9
Lào Cai,7/6/2021 9:00,,,1,59,53
Hạ Long,7/6/2021 9:00,,,13,,
Quảng Ninh,7/6/2021 7:00,24,37,8,1,2
Bắc Ninh,7/6/2021 9:00,59,66,14,2,5
Bắc Ninh,7/6/2021 9:00,59,51,10,7,3
Hà Nội,4/27/2021 15:00,91,65,37,29,
Hà Nội,4/27/2021 16:00,36,23,6,4,
Hà Nội,4/27/2021 16:00,60,45,28,13,
Hà Nội,4/12/2021 5:00,1,1,27,6,1
Đà Nẵng,7/6/2021 9:00,35,23,10,2,28
Nha Trang,7/6/2021 8:00,,,11,8,6
Hà Nội,4/27/2021 16:00,41,37,18,17,
Hà Nội,4/27/2021 16:00,32,27,7,3,
Hà Nội,4/27/2021 16:00,74,63,19,12,
Hà Nội,5/5/2021 14:00,18,12,,5,
Cao Bằng,7/6/2021 9:00,90,98,,,1
Hồ Chí Minh ,7/14/2021 10:00,76,,,,
Hà Nội,7/14/2021 10:00,40,,,,
Hà Nội,7/14/2021 10:00,65,,12.8,0.1,5.1
Gia Lai,7/14/2021 11:00,11,10,2,1,14
Thừa Thiên Huế,7/14/2021 11:00,,,,3,
Hà Nội,7/14/2021 9:00,58,61,23,7,5
Bắc Ninh,6/28/2021 22:00,67,53,12,5,9
Lào Cai,7/14/2021 11:00,,,2,39,53
Hạ Long,7/14/2021 11:00,,,8,,
Quảng Ninh,7/12/2021 5:00,14,16,7,1,2
Bắc Ninh,7/14/2021 10:00,33,50,3,1,15
Bắc Ninh,7/14/2021 11:00,38,30,1,7,3
Hà Nội,4/27/2021 15:00,91,65,37,29,
Hà Nội,7/14/2021 9:00,17,12,6,2,
Hà Nội,7/14/2021 9:00,24,21,20,5,
Hà Nội,7/14/2021 9:00,42,41,8,3,1
Đà Nẵng,7/14/2021 11:00,40,31,11,4,33
Nha Trang,7/14/2021 10:00,,,1,1,5
Hà Nội,7/14/2021 9:00,57,44,10,6,
Hà Nội,7/14/2021 9:00,27,20,5,1,
Hà Nội,7/14/2021 9:00,54,42,18,8,
Hà Nội,7/14/2021 9:00,31,24,,5,
Cao Bằng,7/14/2021 11:00,60,85,1,,1
Hồ Chí Minh ,7/23/2021 7:00,46,,,,
Hà Nội,7/23/2021 8:00,38,,,,
Hà Nội,7/23/2021 7:00,53,,6.4,0.1,4.6
Gia Lai,7/23/2021 1:00,10,10,2,1,15
Thừa Thiên Huế,7/23/2021 8:00,,,,9,
Hà Nội,7/22/2021 20:00,60,56,,17,
Bắc Ninh,6/28/2021 22:00,67,53,12,5,9
Lào Cai,7/23/2021 1:00,22,22,2,49,53
Hạ Long,7/23/2021 8:00,,,17,,
Quảng Ninh,7/23/2021 7:00,11,11,11,1,1
Bắc Ninh,7/23/2021 7:00,25,15,4,1,3
Bắc Ninh,7/23/2021 8:00,34,24,5,5,3
Hà Nội,4/27/2021 15:00,91,65,37,29,
Hà Nội,7/22/2021 20:00,50,42,13,3,
Hà Nội,7/22/2021 20:00,41,28,25,14,
Hà Nội,7/22/2021 20:00,73,48,15,9,
Đà Nẵng,7/23/2021 7:00,27,29,11,7,32
Nha Trang,7/23/2021 7:00,,,2,6,6
Hà Nội,7/22/2021 20:00,102,59,16,12,
Hà Nội,7/22/2021 20:00,41,28,10,4,
Hà Nội,7/22/2021 20:00,91,58,18,7,
Hà Nội,7/22/2021 20:00,40,29,,11,
Cao Bằng,7/23/2021 8:00,43,48,1,,1
Hồ Chí Minh ,7/25/2021 9:00,21,,,,
Hà Nội,7/25/2021 9:00,52,,,,
Hà Nội,7/25/2021 9:00,95,,7.8,0.1,4.6
Gia Lai,7/25/2021 9:00,5,5,2,1,15
Thừa Thiên Huế,7/25/2021 9:00,,,,8,
Hà Nội,7/25/2021 8:00,74,58,,8,
Bắc Ninh,6/28/2021 22:00,67,53,12,5,9
Lào Cai,7/25/2021 9:00,22,1,1,38,53
Hạ Long,7/25/2021 9:00,,,13,,
Quảng Ninh,7/25/2021 8:00,23,25,17,1,1
Bắc Ninh,7/25/2021 9:00,97,59,5,3,3
Bắc Ninh,7/25/2021 9:00,103,77,6,6,3
Hà Nội,4/27/2021 15:00,91,65,37,29,
Hà Nội,7/25/2021 8:00,43,37,7,2,
Hà Nội,7/25/2021 8:00,50,35,17,4,
Hà Nội,7/25/2021 8:00,40,56,7,3,
Đà Nẵng,7/25/2021 9:00,16,42,11,2,36
Nha Trang,7/25/2021 9:00,,,4,4,6
Hà Nội,7/25/2021 8:00,78,69,10,7,
Hà Nội,7/25/2021 8:00,53,36,13,3,
Hà Nội,7/25/2021 8:00,83,60,11,4,
Hà Nội,7/25/2021 8:00,69,44,,5,
Cao Bằng,7/25/2021 9:00,90,76,1,,1
Hồ Chí Minh ,7/28/2021 15:00,76,,,,
Hà Nội,7/28/2021 15:00,36,,,,
Hà Nội,7/28/2021 15:00,53,,4.6,0.1,4.6
Gia Lai,7/28/2021 15:00,8,8,2,2,14
Thừa Thiên Huế,7/28/2021 15:00,,,,3,
Hà Nội,7/28/2021 14:00,32,37,,2,
Bắc Ninh,6/28/2021 22:00,67,53,12,5,9
Lào Cai,7/28/2021 15:00,22,1,1,43,53
Hạ Long,7/28/2021 15:00,,,25,,
Quảng Ninh,7/27/2021 16:00,26,31,14,1,1
Bắc Ninh,7/28/2021 15:00,68,49,4,2,16
Bắc Ninh,7/28/2021 15:00,38,29,1,5,3
Hà Nội,4/27/2021 15:00,91,65,37,29,
Hà Nội,7/28/2021 14:00,18,10,5,1,
Hà Nội,7/28/2021 14:00,12,9,13,3,
Hà Nội,7/28/2021 14:00,46,34,3,1,
Đà Nẵng,7/28/2021 15:00,18,20,11,1,34
Nha Trang,7/28/2021 15:00,,,1,1,5
Hà Nội,7/28/2021 14:00,43,36,9,5,
Hà Nội,7/28/2021 14:00,12,9,4,1,
Hà Nội,7/28/2021 14:00,47,36,11,4,
Hà Nội,7/28/2021 14:00,18,12,,4,
Cao Bằng,7/28/2021 15:00,41,58,1,,14
Hồ Chí Minh ,7/31/2021 9:00,25,,,,
Hà Nội,7/30/2021 18:00,42,,,,
Hà Nội,7/31/2021 9:00,102,,9.6,0.1,5.1
Gia Lai,7/31/2021 9:00,6,5,3,2,16
Thừa Thiên Huế,7/29/2021 10:00,,,,6,
Hà Nội,7/31/2021 9:00,65,56,,3,
Bắc Ninh,6/28/2021 22:00,67,53,12,5,9
Lào Cai,7/31/2021 10:00,188,158,1,52,55
Hạ Long,7/31/2021 9:00,,,15,,
Quảng Ninh,7/31/2021 8:00,18,23,6,1,2
Bắc Ninh,7/31/2021 9:00,60,58,16,3,13
Bắc Ninh,7/31/2021 9:00,42,36,7,7,3
Hà Nội,4/27/2021 15:00,91,65,37,29,
Hà Nội,7/31/2021 8:00,51,37,11,2,
Hà Nội,7/31/2021 8:00,60,46,26,5,
Hà Nội,7/31/2021 9:00,55,48,10,3,
Đà Nẵng,7/31/2021 9:00,24,22,11,2,41
Nha Trang,7/31/2021 9:00,,,5,2,5
Hà Nội,7/31/2021 8:00,59,60,18,6,
Hà Nội,7/31/2021 8:00,63,43,13,5,
Hà Nội,7/31/2021 8:00,68,58,17,3,
Hà Nội,2021-07-31T08:00:00+07:00,65,46,,5,
Cao Bằng,7/31/2021 10:00,134,108,1,,1
Hồ Chí Minh ,8/2/2021 8:00,59,,,,
Hà Nội,8/2/2021 8:00,49,,,,
Hà Nội,8/2/2021 8:00,72,,7.8,0.1,4.6
Gia Lai,8/2/2021 8:00,15,11,3,2,16
Thừa Thiên Huế,7/29/2021 10:00,,,,6,
Hà Nội,8/2/2021 7:00,40,50,,3,
Bắc Ninh,6/28/2021 22:00,67,53,12,5,9
Lào Cai,8/1/2021 0:00,8,8,1,62,54
Hạ Long,8/2/2021 8:00,,,16,,
Quảng Ninh,8/2/2021 7:00,33,33,13,1,3
Bắc Ninh,8/2/2021 8:00,53,45,17,3,9
Bắc Ninh,8/2/2021 8:00,70,57,11,8,4
Hà Nội,4/27/2021 15:00,91,65,37,29,
Hà Nội,8/2/2021 6:00,47,34,7,1,
Hà Nội,8/2/2021 6:00,28,21,14,4,
Hà Nội,8/2/2021 7:00,45,35,5,2,
Đà Nẵng,8/2/2021 8:00,27,26,11,3,38
Nha Trang,8/2/2021 8:00,,,4,2,6
Hà Nội,8/2/2021 6:00,52,60,7,5,
Hà Nội,8/2/2021 6:00,47,30,11,3,
Hà Nội,8/2/2021 6:00,57,53,11,4,
Hà Nội,8/2/2021 6:00,43,29,,4,
Cao Bằng,8/2/2021 8:00,52,62,1,,1
Hồ Chí Minh ,8/3/2021 8:00,53,,,,
Hà Nội,8/2/2021 12:00,42,,,,
Hà Nội,8/3/2021 8:00,99,,10.1,0.1,5.1
Gia Lai,8/3/2021 8:00,15,12,2,2,16
Thừa Thiên Huế,8/3/2021 8:00,,,,11,
Hà Nội,8/3/2021 7:00,68,55,,4,
Bắc Ninh,6/28/2021 22:00,67,53,12,5,9
Lào Cai,8/3/2021 8:00,8,1,1,55,57
Hạ Long,8/3/2021 8:00,,,19,,
Quảng Ninh,8/3/2021 7:00,35,40,18,1,7
Bắc Ninh,8/3/2021 8:00,131,75,13,5,11
Bắc Ninh,8/3/2021 8:00,109,77,10,7,3
Hà Nội,4/27/2021 15:00,91,65,37,29,
Hà Nội,8/3/2021 6:00,65,54,12,1,
Hà Nội,8/3/2021 6:00,47,34,19,4,
Hà Nội,8/3/2021 7:00,84,55,8,3,
Đà Nẵng,8/3/2021 8:00,30,47,11,4,32
Nha Trang,8/3/2021 8:00,,,4,2,6
Hà Nội,8/3/2021 6:00,91,64,12,5,
Hà Nội,8/3/2021 6:00,78,51,10,2,
Hà Nội,8/3/2021 6:00,93,52,15,4,
Hà Nội,8/3/2021 6:00,66,45,,4,
Cao Bằng,8/3/2021 8:00,8,3,1,,1
Hồ Chí Minh ,8/9/2021 10:00,30,,,,
Hà Nội,8/2/2021 12:00,42,,,,
Hà Nội,8/9/2021 10:00,149,,6,0.1,6.1
Gia Lai,8/9/2021 7:00,16,13,3,2,16
Thừa Thiên Huế,8/9/2021 10:00,,,,6,
Hà Nội,8/9/2021 10:00,79,70,,4,3
Bắc Ninh,6/28/2021 22:00,67,53,12,5,9
Lào Cai,8/9/2021 10:00,2,1,1,43,53
Hạ Long,8/9/2021 10:00,,,18,,
Quảng Ninh,8/9/2021 9:00,25,24,12,1,1
Bắc Ninh,8/9/2021 10:00,73,54,6,2,12
Bắc Ninh,8/9/2021 10:00,125,100,14,9,5
Hà Nội,4/27/2021 15:00,91,65,37,29,
Hà Nội,8/9/2021 9:00,84,57,9,3,
Hà Nội,8/9/2021 9:00,84,56,20,6,
Hà Nội,8/9/2021 8:00,117,75,7,4,
Đà Nẵng,8/9/2021 10:00,37,31,11,1,38
Nha Trang,8/9/2021 10:00,,,3,2,5
Hà Nội,8/9/2021 9:00,128,82,12,9,
Hà Nội,8/9/2021 9:00,104,60,12,6,
Hà Nội,8/9/2021 9:00,121,83,16,9,
Hà Nội,8/9/2021 9:00,105,61,,6,
Cao Bằng,8/8/2021 10:00,69,76,1,,1
Hồ Chí Minh ,8/10/2021 13:00,65,,,,
Hà Nội,8/2/2021 12:00,42,,,,
Hà Nội,8/10/2021 13:00,65,,6.9,0.1,4.6
Gia Lai,8/9/2021 7:00,16,13,3,2,16
Thừa Thiên Huế,8/10/2021 13:00,,,,2,
Hà Nội,8/10/2021 12:00,30,27,,3,3
Bắc Ninh,6/28/2021 22:00,67,53,12,5,9
Lào Cai,8/10/2021 13:00,2,1,1,38,53
Hạ Long,8/10/2021 13:00,,,17,,
Quảng Ninh,8/10/2021 12:00,9,8,13,1,2
Bắc Ninh,8/10/2021 13:00,29,24,19,1,16
Bắc Ninh,8/10/2021 13:00,30,27,11,8,4
Hà Nội,4/27/2021 15:00,91,65,37,29,
Hà Nội,8/10/2021 12:00,18,12,8,1,
Hà Nội,8/10/2021 12:00,13,10,20,4,
Hà Nội,8/10/2021 12:00,24,21,8,3,
Đà Nẵng,8/10/2021 13:00,27,27,11,1,31
Nha Trang,8/10/2021 13:00,,,1,1,5
Hà Nội,8/10/2021 12:00,38,41,9,4,
Hà Nội,8/10/2021 12:00,23,15,8,3,
Hà Nội,8/10/2021 12:00,33,37,10,8,
Hà Nội,8/10/2021 12:00,19,13,,4,
Cao Bằng,8/8/2021 10:00,69,76,1,,1
Hồ Chí Minh ,8/11/2021 8:00,53,,,,
Hà Nội,8/11/2021 8:00,50,,,,
Hà Nội,8/11/2021 8:00,53,,9.2,0.2,4.6
Gia Lai,8/11/2021 8:00,16,12,4,3,16
Thừa Thiên Huế,8/11/2021 8:00,,,,10,
Hà Nội,8/11/2021 7:00,18,26,,4,
Bắc Ninh,6/28/2021 22:00,67,53,12,5,9
Lào Cai,8/11/2021 8:00,2,1,1,38,53
Hạ Long,8/11/2021 8:00,,,17,,
Quảng Ninh,8/11/2021 7:00,13,14,11,1,1
Bắc Ninh,8/11/2021 8:00,32,34,18,1,6
Bắc Ninh,8/11/2021 8:00,53,37,6,7,4
Hà Nội,4/27/2021 15:00,91,65,37,29,
Hà Nội,8/11/2021 7:00,28,23,10,1,
Hà Nội,8/11/2021 7:00,29,21,21,3,
Hà Nội,8/11/2021 7:00,31,22,8,2,
Đà Nẵng,8/11/2021 8:00,32,29,11,3,30
Nha Trang,8/11/2021 8:00,,,1,2,6
Hà Nội,8/11/2021 7:00,50,52,8,3,
Hà Nội,8/11/2021 2:00,1,1,5,3,
Hà Nội,8/11/2021 7:00,56,32,21,3,
Hà Nội,8/11/2021 7:00,42,27,,3,
Cao Bằng,8/8/2021 10:00,69,76,1,,1
Hồ Chí Minh ,8/12/2021 7:00,50,,,,
Hà Nội,8/12/2021 8:00,58,,,,
Hà Nội,8/12/2021 7:00,61,,16.5,0.2,5.1
Gia Lai,8/12/2021 8:00,5,5,5,3,16
Thừa Thiên Huế,8/12/2021 8:00,,,,8,
Hà Nội,8/12/2021 7:00,29,21,,3,
Bắc Ninh,6/28/2021 22:00,67,53,12,5,9
Lào Cai,8/12/2021 8:00,2,1,3,37,53
Hạ Long,8/12/2021 8:00,,,21,,
Quảng Ninh,8/12/2021 6:00,10,11,10,1,1
Bắc Ninh,8/12/2021 8:00,22,25,8,2,6
Bắc Ninh,8/12/2021 8:00,36,31,13,9,4
Hà Nội,4/27/2021 15:00,91,65,37,29,
Hà Nội,8/12/2021 6:00,38,25,11,4,
Hà Nội,8/12/2021 6:00,30,21,16,3,
Hà Nội,8/12/2021 7:00,20,11,4,2,
Đà Nẵng,8/12/2021 8:00,37,29,10,2,32
Nha Trang,8/12/2021 7:00,,,1,2,6
Hà Nội,8/12/2021 6:00,71,82,6,3,
Hà Nội,8/11/2021 2:00,1,1,5,3,
Hà Nội,8/12/2021 6:00,75,45,20,7,
Hà Nội,8/12/2021 6:00,42,27,,3,
Cao Bằng,8/8/2021 10:00,69,76,1,,1
Hồ Chí Minh ,8/14/2021 8:00,34,,,,
Hà Nội,8/14/2021 8:00,71,,,,
Hà Nội,8/14/2021 8:00,80,,4.6,0.1,4.6
Gia Lai,8/14/2021 8:00,8,9,5,3,16
Thừa Thiên Huế,8/14/2021 8:00,,,,4,
Hà Nội,8/14/2021 7:00,49,51,,5,
Bắc Ninh,6/28/2021 22:00,67,53,12,5,9
Lào Cai,8/14/2021 8:00,2,1,2,41,53
Hạ Long,8/14/2021 8:00,,,8,,
Quảng Ninh,8/14/2021 7:00,14,14,8,1,1
Bắc Ninh,8/14/2021 8:00,47,54,10,1,13
Bắc Ninh,8/14/2021 5:00,27,26,6,6,4
Hà Nội,4/27/2021 15:00,91,65,37,29,
Hà Nội,8/13/2021 20:00,16,11,7,2,
Hà Nội,8/14/2021 7:00,24,20,19,4,
Hà Nội,8/14/2021 7:00,58,46,7,3,
Đà Nẵng,8/14/2021 8:00,15,14,11,1,30
Nha Trang,8/14/2021 7:00,,,1,1,6
Hà Nội,8/13/2021 20:00,40,35,8,6,
Hà Nội,8/11/2021 2:00,1,1,5,3,
Hà Nội,8/13/2021 20:00,44,45,10,7,
Hà Nội,8/14/2021 7:00,38,27,,5,
Cao Bằng,8/14/2021 8:00,85,89,,,1
Hồ Chí Minh ,8/16/2021 8:00,107,,,,
Hà Nội,8/16/2021 8:00,55,,,,
Hà Nội,8/16/2021 8:00,107,,5.5,0.2,4.6
Gia Lai,8/16/2021 8:00,11,11,3,2,15
Thừa Thiên Huế,8/16/2021 8:00,,,,6,
Hà Nội,8/15/2021 14:00,69,1,,3,
Bắc Ninh,6/28/2021 22:00,67,53,12,5,9
Lào Cai,8/16/2021 8:00,2,1,1,62,52
Hạ Long,8/16/2021 8:00,,,14,,
Quảng Ninh,8/15/2021 8:00,11,12,4,1,1
Bắc Ninh,8/16/2021 8:00,41,58,10,1,13
Bắc Ninh,8/14/2021 5:00,27,26,6,6,4
Hà Nội,4/27/2021 15:00,91,65,37,29,
Hà Nội,8/16/2021 7:00,56,51,9,2,
Hà Nội,8/16/2021 7:00,25,21,18,5,
Hà Nội,8/16/2021 7:00,39,36,5,2,
Đà Nẵng,8/16/2021 8:00,27,18,11,1,32
Nha Trang,8/16/2021 8:00,,,1,1,6
Hà Nội,8/16/2021 7:00,70,69,9,4,
Hà Nội,8/16/2021 7:00,51,33,7,7,
Hà Nội,8/16/2021 7:00,80,61,26,18,
Hà Nội,8/16/2021 7:00,41,29,,4,
Cao Bằng,8/16/2021 8:00,59,91,,,1
Hồ Chí Minh ,8/17/2021 7:00,91,,,,
Hà Nội,8/17/2021 7:00,63,,,,
Hà Nội,8/17/2021 7:00,95,,6,0.1,5.1
Gia Lai,8/17/2021 7:00,19,14,4,4,16
Thừa Thiên Huế,8/17/2021 7:00,,,,6,
Hà Nội,8/15/2021 14:00,69,1,,3,
Bắc Ninh,6/28/2021 22:00,67,53,12,5,9
Lào Cai,8/17/2021 7:00,,1,1,40,52
Hạ Long,8/17/2021 7:00,,,11,,
Quảng Ninh,8/15/2021 8:00,11,12,4,1,1
Bắc Ninh,8/17/2021 7:00,16,22,6,1,11
Bắc Ninh,8/17/2021 7:00,31,28,7,7,4
Hà Nội,4/27/2021 15:00,91,65,37,29,
Hà Nội,8/16/2021 20:00,16,10,9,1,
Hà Nội,8/16/2021 20:00,15,12,21,5,
Hà Nội,8/17/2021 6:00,23,19,6,2,
Đà Nẵng,8/17/2021 7:00,23,16,11,1,34
Nha Trang,8/17/2021 7:00,,,1,1,6
Hà Nội,8/16/2021 20:00,52,37,10,5,
Hà Nội,8/16/2021 20:00,27,18,12,7,
Hà Nội,8/16/2021 20:00,46,60,10,10,
Hà Nội,8/16/2021 20:00,19,13,,5,
Cao Bằng,8/17/2021 7:00,46,70,1,,1
Hồ Chí Minh ,8/18/2021 6:00,68,,,,
Hà Nội,8/17/2021 22:00,52,,,,
Hà Nội,8/18/2021 7:00,80,,7.8,0.1,5.6
Gia Lai,8/18/2021 7:00,32,24,5,4,16
Thừa Thiên Huế,8/18/2021 7:00,,,,7,
Hà Nội,8/15/2021 14:00,69,1,,3,
Bắc Ninh,6/28/2021 22:00,67,53,12,5,9
Lào Cai,8/18/2021 7:00,,1,1,38,54
Hạ Long,8/18/2021 7:00,,,11,,
Quảng Ninh,8/18/2021 6:00,12,16,6,1,1
Bắc Ninh,8/18/2021 7:00,25,27,4,2,9
Bắc Ninh,8/18/2021 7:00,31,28,5,7,4
Hà Nội,4/27/2021 15:00,91,65,37,29,
Hà Nội,8/17/2021 20:00,11,8,10,3,
Hà Nội,8/17/2021 20:00,10,9,18,5,
Hà Nội,8/18/2021 6:00,27,19,7,2,
Đà Nẵng,8/18/2021 7:00,26,16,11,1,32
Nha Trang,8/18/2021 6:00,,,1,1,6
Hà Nội,8/17/2021 20:00,38,39,11,5,
Hà Nội,8/17/2021 20:00,10,8,10,5,
Hà Nội,8/17/2021 20:00,37,33,12,23,
Hà Nội,8/17/2021 20:00,11,9,,5,
Cao Bằng,8/18/2021 7:00,41,70,1,,1
Hồ Chí Minh ,8/19/2021 13:00,76,,,,
Hà Nội,8/17/2021 22:00,52,,,,
Hà Nội,8/19/2021 13:00,55,,6.4,0.1,5.1
Gia Lai,8/19/2021 13:00,14,12,3,2,15
Thừa Thiên Huế,8/19/2021 13:00,,,,1,
Hà Nội,8/15/2021 14:00,69,1,,3,
Bắc Ninh,6/28/2021 22:00,67,53,12,5,9
Lào Cai,8/19/2021 13:00,,1,1,39,53
Hạ Long,8/19/2021 13:00,,,7,,
Quảng Ninh,8/19/2021 12:00,12,13,4,1,12
Bắc Ninh,8/19/2021 13:00,29,27,3,1,13
Bắc Ninh,8/19/2021 13:00,31,28,2,6,4
Hà Nội,4/27/2021 15:00,91,65,37,29,
Hà Nội,8/19/2021 11:00,19,13,6,2,
Hà Nội,8/19/2021 11:00,10,9,24,4,
Hà Nội,8/19/2021 11:00,20,29,9,2,
Đà Nẵng,8/19/2021 13:00,30,19,11,1,34
Nha Trang,8/19/2021 13:00,,,1,1,5
Hà Nội,8/19/2021 11:00,40,36,12,4,
Hà Nội,8/19/2021 11:00,10,8,8,4,
Hà Nội,8/19/2021 11:00,32,52,30,21,
Hà Nội,8/19/2021 11:00,13,11,,4,
Cao Bằng,8/19/2021 13:00,45,88,1,,1
Hồ Chí Minh ,8/21/2021 7:00,78,,,,
Hà Nội,8/17/2021 22:00,52,,,,
Hà Nội,8/21/2021 8:00,72,,5.5,0.1,4.6
Gia Lai,8/21/2021 8:00,17,13,3,2,16
Thừa Thiên Huế,8/21/2021 8:00,,,,7,
Hà Nội,8/15/2021 14:00,69,1,,3,
Bắc Ninh,6/28/2021 22:00,67,53,12,5,9
Lào Cai,8/21/2021 8:00,,1,1,40,53
Hạ Long,8/21/2021 8:00,,,7,,
Quảng Ninh,8/21/2021 1:00,13,15,4,1,16
Bắc Ninh,8/21/2021 8:00,31,40,7,1,12
Bắc Ninh,8/20/2021 14:00,29,4,5,7,3.6
Hà Nội,4/27/2021 15:00,91,65,37,29,
Hà Nội,8/21/2021 7:00,42,31,10,1,
Hà Nội,8/21/2021 6:00,26,20,19,4,
Hà Nội,8/21/2021 7:00,50,45,10,2,
Đà Nẵng,8/21/2021 8:00,32,20,11,1,31
Nha Trang,8/20/2021 13:00,,,1,1,6
Hà Nội,8/21/2021 7:00,58,58,13,3,
Hà Nội,8/21/2021 6:00,40,27,13,3,
Hà Nội,8/21/2021 7:00,62,50,26,17,
Hà Nội,8/21/2021 6:00,35,25,,5,
Cao Bằng,8/19/2021 19:00,64,103,1,,1
Hồ Chí Minh ,8/23/2021 8:00,70,,,,
Hà Nội,8/17/2021 22:00,52,,,,
Hà Nội,8/23/2021 8:00,63,,2.8,0.1,4.6
Gia Lai,8/23/2021 8:00,8,10,5,3,16
Thừa Thiên Huế,8/23/2021 8:00,,,,6,
Hà Nội,8/15/2021 14:00,69,1,,3,
Bắc Ninh,6/28/2021 22:00,67,53,12,5,9
Lào Cai,8/23/2021 8:00,2,1,3,39,3.2
Hạ Long,8/23/2021 8:00,,,8,,
Quảng Ninh,8/23/2021 7:00,15,14,4,1,18
Bắc Ninh,8/23/2021 8:00,48,53,8,1,12
Bắc Ninh,8/23/2021 8:00,,,3,7,5
Hà Nội,4/27/2021 15:00,91,65,37,29,
Hà Nội,8/23/2021 7:00,21,14,9,1,
Hà Nội,8/23/2021 7:00,22,19,14,3,
Hà Nội,8/23/2021 7:00,50,44,10,3,
Đà Nẵng,8/23/2021 8:00,29,20,11,1,31
Nha Trang,8/23/2021 7:00,,,1,1,6
Hà Nội,8/23/2021 7:00,45,52,7,3,
Hà Nội,8/23/2021 7:00,38,27,10,3,
Hà Nội,8/23/2021 7:00,59,58,18,7,
Hà Nội,8/23/2021 7:00,33,25,,5,
Cao Bằng,8/19/2021 19:00,64,103,1,,1
Hồ Chí Minh ,8/26/2021 8:00,65,,,,
Hà Nội,8/17/2021 22:00,52,,,,
Hà Nội,8/26/2021 8:00,42,,6.4,0.1,5.1
Gia Lai,8/26/2021 8:00,10,8,3,2,16
Thừa Thiên Huế,8/26/2021 8:00,,,,7,
Hà Nội,8/15/2021 14:00,69,1,,3,
Bắc Ninh,6/28/2021 22:00,67,53,12,5,9
Lào Cai,8/26/2021 9:00,23,1,1,53,1.6
Hạ Long,8/26/2021 8:00,,,12,,
Quảng Ninh,8/26/2021 7:00,7,8,8,1,19
Bắc Ninh,8/26/2021 8:00,19,18,9,1,12
Bắc Ninh,8/26/2021 8:00,,,5,7,4
Hà Nội,4/27/2021 15:00,91,65,37,29,
Hà Nội,8/25/2021 20:00,19,14,14,2,
Hà Nội,8/25/2021 20:00,16,13,20,3,
Hà Nội,8/26/2021 1:00,35,29,7,1,
Đà Nẵng,8/26/2021 8:00,25,16,11,1,35
Nha Trang,8/26/2021 8:00,,,1,1,6
Hà Nội,8/25/2021 20:00,40,41,8,3,
Hà Nội,8/25/2021 20:00,22,17,9,3,
Hà Nội,8/25/2021 20:00,43,36,28,16,
Hà Nội,8/25/2021 20:00,24,17,,3,
Cao Bằng,8/19/2021 19:00,64,103,1,,1
Hồ Chí Minh ,8/27/2021 7:00,50,,,,
Hà Nội,8/17/2021 22:00,52,,,,
Hà Nội,8/27/2021 7:00,63,,10.1,0.1,5.6
Gia Lai,8/27/2021 7:00,14,13,3,2,16
Thừa Thiên Huế,8/27/2021 8:00,,,,5,
Hà Nội,8/15/2021 14:00,69,1,,3,
Bắc Ninh,6/28/2021 22:00,67,53,12,5,9
Lào Cai,8/26/2021 23:00,23,1,1,43,1.7
Hạ Long,8/27/2021 7:00,,,10,,
Quảng Ninh,8/27/2021 6:00,13,16,8,1,19
Bắc Ninh,8/27/2021 7:00,38,32,7,1,11
Bắc Ninh,8/27/2021 8:00,,,5,7,4
Hà Nội,4/27/2021 15:00,91,65,37,29,
Hà Nội,8/25/2021 20:00,19,14,14,2,
Hà Nội,8/25/2021 20:00,16,13,20,3,
Hà Nội,8/26/2021 1:00,35,29,7,1,
Đà Nẵng,8/27/2021 7:00,32,18,11,1,36
Nha Trang,8/27/2021 7:00,,,1,1,6
Hà Nội,8/25/2021 20:00,40,41,8,3,
Hà Nội,8/25/2021 20:00,22,17,9,3,
Hà Nội,8/25/2021 20:00,43,36,28,16,
Hà Nội,8/25/2021 20:00,24,17,,3,
Cao Bằng,8/19/2021 19:00,64,103,1,,1
Hồ Chí Minh ,8/28/2021 7:00,57,,,,
Hà Nội,8/17/2021 22:00,52,,,,
Hà Nội,8/28/2021 8:00,46,,8.3,0.1,5.1
Gia Lai,8/28/2021 8:00,9,8,2,1,16
Thừa Thiên Huế,8/28/2021 8:00,,,,6,
Hà Nội,8/15/2021 14:00,69,1,,3,
Bắc Ninh,6/28/2021 22:00,67,53,12,5,9
Lào Cai,8/28/2021 8:00,18,1,1,38,1.7
Hạ Long,8/28/2021 8:00,,,10,,
Quảng Ninh,8/28/2021 7:00,11,13,9,1,21
Bắc Ninh,8/28/2021 8:00,21,17,4,1,11
Bắc Ninh,8/28/2021 8:00,,,7,7,4
Hà Nội,4/27/2021 15:00,91,65,37,29,
Hà Nội,8/25/2021 20:00,19,14,14,2,
Hà Nội,8/25/2021 20:00,16,13,20,3,
Hà Nội,8/26/2021 1:00,35,29,7,1,
Đà Nẵng,8/28/2021 8:00,18,11,11,1,35
Nha Trang,8/28/2021 7:00,,,1,1,6
Hà Nội,8/25/2021 20:00,40,41,8,3,
Hà Nội,8/25/2021 20:00,22,17,9,3,
Hà Nội,8/25/2021 20:00,43,36,28,16,
Hà Nội,8/25/2021 20:00,24,17,,3,
Cao Bằng,8/19/2021 19:00,64,103,1,,1
Hồ Chí Minh ,8/31/2021 7:00,68,,,,
Hà Nội,8/17/2021 22:00,52,,,,
Hà Nội,8/31/2021 7:00,124,,9.2,0.1,5.1
Gia Lai,8/31/2021 7:00,26,18,4,2,16
Thừa Thiên Huế,8/31/2021 8:00,,,,10,
Hà Nội,8/15/2021 14:00,69,1,,3,
Bắc Ninh,6/28/2021 22:00,67,53,12,5,9
Lào Cai,8/31/2021 8:00,2,1,3,45,1.9
Hạ Long,8/31/2021 7:00,,,10,,
Quảng Ninh,8/31/2021 6:00,21,25,11,2,24
Bắc Ninh,8/31/2021 7:00,79,53,8,2,12
Bắc Ninh,8/31/2021 7:00,,,11,7,4
Hà Nội,4/27/2021 15:00,91,65,37,29,
Hà Nội,8/30/2021 20:00,30,20,10,1,
Hà Nội,8/30/2021 20:00,24,18,19,4,
Hà Nội,8/31/2021 7:00,32,29,12,2,
Đà Nẵng,8/31/2021 7:00,29,20,11,1,34
Nha Trang,8/31/2021 7:00,,,1,1,6
Hà Nội,8/30/2021 20:00,40,53,9,4,
Hà Nội,8/30/2021 20:00,34,21,7,3,
Hà Nội,8/30/2021 20:00,53,60,24,15,
Hà Nội,8/30/2021 20:00,35,23,,5,
Cao Bằng,8/19/2021 19:00,64,103,1,,1
Hồ Chí Minh ,9/1/2021 7:00,25,,,,
Hà Nội,8/17/2021 22:00,52,,,,
Hà Nội,9/1/2021 7:00,127,,6.9,0.1,5.1
Gia Lai,9/1/2021 7:00,18,16,4,2,17
Thừa Thiên Huế,9/1/2021 7:00,,,,8,
Hà Nội,8/15/2021 14:00,69,1,,3,
Bắc Ninh,6/28/2021 22:00,67,53,12,5,9
Lào Cai,9/1/2021 7:00,2,1,2,41,1.9
Hạ Long,9/1/2021 7:00,,,14,,
Quảng Ninh,9/1/2021 6:00,15,18,9,1,23
Bắc Ninh,9/1/2021 7:00,80,52,5,2,12
Bắc Ninh,9/1/2021 7:00,,,8,7,4
Hà Nội,4/27/2021 15:00,91,65,37,29,
Hà Nội,9/1/2021 6:00,59,47,13,1,
Hà Nội,9/1/2021 6:00,33,26,22,4,
Hà Nội,9/1/2021 6:00,35,37,10,2,
Đà Nẵng,9/1/2021 7:00,35,24,10,1,35
Nha Trang,9/1/2021 6:00,,,1,1,6
Hà Nội,9/1/2021 6:00,83,63,13,6,
Hà Nội,9/1/2021 6:00,49,33,15,3,
Hà Nội,9/1/2021 6:00,92,67,21,24,
Hà Nội,9/1/2021 6:00,58,41,,4,
Cao Bằng,8/19/2021 19:00,64,103,1,,1
Hồ Chí Minh ,9/4/2021 13:00,42,,,,
Hà Nội,8/17/2021 22:00,52,,,,
Hà Nội,9/4/2021 14:00,76,,3.2,0.1,4.6
Gia Lai,9/4/2021 14:00,4,4,2,1,15
Thừa Thiên Huế,9/4/2021 14:00,,,,2,
Hà Nội,8/15/2021 14:00,69,1,,3,
Bắc Ninh,6/28/2021 22:00,67,53,12,5,9
Lào Cai,9/4/2021 14:00,2,1,3,38,1
Hạ Long,9/4/2021 14:00,,,6,,
Quảng Ninh,9/4/2021 13:00,9,9,4,1,23
Bắc Ninh,9/4/2021 14:00,35,34,5,1,3
Bắc Ninh,9/4/2021 14:00,,,1,5,4
Hà Nội,4/27/2021 15:00,91,65,37,29,
Hà Nội,9/4/2021 12:00,23,13,3,1,
Hà Nội,9/4/2021 12:00,22,16,24,3,
Hà Nội,9/4/2021 13:00,42,23,10,2,
Đà Nẵng,9/4/2021 14:00,16,14,11,1,36
Nha Trang,9/4/2021 14:00,,,1,1,6
Hà Nội,9/4/2021 12:00,63,51,14,4,
Hà Nội,9/4/2021 12:00,22,15,5,5,
Hà Nội,9/4/2021 12:00,62,53,11,8,
Hà Nội,9/4/2021 12:00,30,20,,4,
Cao Bằng,8/19/2021 19:00,64,103,1,,1
Hồ Chí Minh ,9/6/2021 8:00,34,,,,
Hà Nội,8/17/2021 22:00,52,,,,
Hà Nội,9/6/2021 8:00,82,,7.4,0.1,5.1
Gia Lai,9/6/2021 8:00,8,9,2,1,16
Thừa Thiên Huế,9/6/2021 8:00,,,,8,
Hà Nội,8/15/2021 14:00,69,1,,3,
Bắc Ninh,6/28/2021 22:00,67,53,12,5,9
Lào Cai,9/6/2021 8:00,2,1,1,38,0.3
Hạ Long,9/6/2021 8:00,,,13,,
Quảng Ninh,9/6/2021 7:00,17,22,12,2,24
Bắc Ninh,9/6/2021 8:00,110,63,5,4,3
Bắc Ninh,9/6/2021 8:00,,,7,7,4
Hà Nội,4/27/2021 15:00,91,65,37,29,
Hà Nội,9/6/2021 6:00,40,29,7,1,
Hà Nội,9/6/2021 6:00,28,22,19,3,
Hà Nội,9/6/2021 7:00,48,34,8,2,
Đà Nẵng,9/6/2021 8:00,18,11,10,2,35
Nha Trang,9/6/2021 8:00,,,1,1,6
Hà Nội,9/6/2021 6:00,45,51,11,4,
Hà Nội,9/6/2021 6:00,49,31,9,3,
Hà Nội,9/6/2021 6:00,63,64,19,14,
Hà Nội,9/6/2021 6:00,37,28,,3,
Cao Bằng,8/19/2021 19:00,64,103,1,,1
Hồ Chí Minh ,9/8/2021 9:00,21,,,,
Hà Nội,8/17/2021 22:00,52,,,,
Hà Nội,9/8/2021 9:00,95,,7.4,0.1,5.6
Gia Lai,9/8/2021 9:00,13,14,6,3,17
Thừa Thiên Huế,9/8/2021 9:00,,,,4,
Hà Nội,8/15/2021 14:00,69,1,,3,
Bắc Ninh,6/28/2021 22:00,67,53,12,5,9
Lào Cai,9/8/2021 7:00,2,1,1,47,0.1
Hạ Long,9/8/2021 9:00,,,11,,
Quảng Ninh,9/8/2021 8:00,10,12,5,1,20
Bắc Ninh,9/8/2021 9:00,45,37,3,2,4
Bắc Ninh,9/8/2021 9:00,,,6,5,4
Hà Nội,4/27/2021 15:00,91,65,37,29,
Hà Nội,9/8/2021 8:00,42,27,18,1,
Hà Nội,9/8/2021 8:00,39,28,25,5,
Hà Nội,9/8/2021 8:00,44,43,15,2,
Đà Nẵng,9/8/2021 9:00,21,14,11,2,36
Nha Trang,9/8/2021 8:00,,,1,1,6
Hà Nội,9/8/2021 8:00,64,62,9,7,
Hà Nội,9/8/2021 8:00,65,42,10,3,
Hà Nội,9/8/2021 8:00,63,52,31,18,
Hà Nội,9/8/2021 8:00,46,31,,5,
Cao Bằng,8/19/2021 19:00,64,103,1,,1
Hồ Chí Minh ,9/10/2021 15:00,38,,,,
Hà Nội,8/17/2021 22:00,52,,,,
Hà Nội,9/10/2021 15:00,65,,6.4,0.1,5.1
Gia Lai,9/10/2021 16:00,4,6,4,2,16
Thừa Thiên Huế,9/10/2021 16:00,,,,9,
Hà Nội,8/15/2021 14:00,69,1,,3,
Bắc Ninh,6/28/2021 22:00,67,53,12,5,9
Lào Cai,9/10/2021 16:00,184,152,4,40,0.7
Hạ Long,9/10/2021 16:00,,,12,,
Quảng Ninh,9/10/2021 14:00,8,10,2,2,23
Bắc Ninh,9/10/2021 16:00,38,32,3,1,13
Bắc Ninh,9/10/2021 16:00,,,2,4,4
Hà Nội,4/27/2021 15:00,91,65,37,29,
Hà Nội,9/10/2021 14:00,22,16,4,1,
Hà Nội,9/10/2021 14:00,16,13,17,3,
Hà Nội,9/10/2021 15:00,55,37,5,2,
Đà Nẵng,9/10/2021 16:00,23,15,11,2,34
Nha Trang,9/10/2021 15:00,,,1,2,6
Hà Nội,9/10/2021 14:00,57,41,10,5,
Hà Nội,9/9/2021 2:00,1,1,10,13,
Hà Nội,9/10/2021 14:00,60,54,17,7,
Hà Nội,9/10/2021 14:00,23,16,,3,
Cao Bằng,8/19/2021 19:00,64,103,1,,1
Hồ Chí Minh ,9/17/2021 12:00,50,,,,
Hà Nội,8/17/2021 22:00,52,,,,
Hà Nội,9/17/2021 13:00,55,,10.1,0.1,5.1
Gia Lai,9/17/2021 13:00,16,13,4,1,15
Thừa Thiên Huế,9/17/2021 13:00,,,,2,
Hà Nội,8/15/2021 14:00,69,1,,3,
Bắc Ninh,6/28/2021 22:00,67,53,12,5,9
Lào Cai,9/17/2021 13:00,10,1,1,44,53
Hạ Long,9/17/2021 13:00,,,12,,
Quảng Ninh,9/17/2021 1:00,13,17,4,1,23
Bắc Ninh,9/17/2021 13:00,18,23,9,3,15
Bắc Ninh,9/17/2021 13:00,,,1,5,4
Hà Nội,4/27/2021 15:00,91,65,37,29,
Hà Nội,9/17/2021 11:00,28,22,8,1,
Hà Nội,9/17/2021 11:00,25,19,25,5,
Hà Nội,9/17/2021 12:00,38,25,12,2,
Đà Nẵng,9/17/2021 13:00,33,24,11,1,35
Nha Trang,9/17/2021 12:00,,,1,1,6
Hà Nội,9/17/2021 11:00,51,45,8,4,
Hà Nội,9/17/2021 11:00,50,31,9,6,
Hà Nội,9/17/2021 11:00,52,53,19,9,
Hà Nội,9/17/2021 11:00,27,19,,4,
Cao Bằng,9/17/2021 13:00,52,109,,,1
Hồ Chí Minh ,9/21/2021 10:00,25,,,,
Hà Nội,8/17/2021 22:00,52,,,,
Hà Nội,9/21/2021 9:00,160,,8.3,0.1,6.6
Gia Lai,9/21/2021 10:00,10,9,5,3,16
Thừa Thiên Huế,9/21/2021 10:00,,,,4,
Hà Nội,8/15/2021 14:00,69,1,,3,
Bắc Ninh,6/28/2021 22:00,67,53,12,5,9
Lào Cai,9/21/2021 10:00,10,1,1,55,53
Hạ Long,9/21/2021 10:00,,,10,,
Quảng Ninh,9/17/2021 1:00,13,17,4,1,23
Bắc Ninh,9/21/2021 10:00,38,37,5,1,13
Bắc Ninh,9/21/2021 10:00,,,8,6,4
Hà Nội,4/27/2021 15:00,91,65,37,29,
Hà Nội,9/21/2021 7:00,69,51,8,1,
Hà Nội,9/21/2021 7:00,86,56,16,5,
Hà Nội,9/21/2021 9:00,107,59,11,4,
Đà Nẵng,9/21/2021 10:00,18,12,11,1,33
Nha Trang,9/21/2021 10:00,,,1,2,6
Hà Nội,9/21/2021 7:00,119,84,16,7,
Hà Nội,9/21/2021 7:00,28,66,15,6,
Hà Nội,9/21/2021 7:00,100,70,31,33,
Hà Nội,9/21/2021 7:00,105,58,,6,
Cao Bằng,9/21/2021 10:00,86,127,,,2
Hồ Chí Minh ,9/23/2021 15:00,50,,,,
Hà Nội,8/17/2021 22:00,52,,,,
Hà Nội,9/23/2021 15:00,59,,7.4,0.1,5.1
Gia Lai,9/23/2021 16:00,7,6,5,3,18
Thừa Thiên Huế,9/23/2021 16:00,,,,6,
Hà Nội,8/15/2021 14:00,69,1,,3,
Bắc Ninh,6/28/2021 22:00,67,53,12,5,9
Lào Cai,9/23/2021 16:00,2,1,2,45,54
Hạ Long,9/23/2021 16:00,,,11,,
Quảng Ninh,9/23/2021 14:00,14,21,8,1,37
Bắc Ninh,9/23/2021 16:00,35,30,4,1,7
Bắc Ninh,9/23/2021 16:00,,,4,5,5
Hà Nội,4/27/2021 15:00,91,65,37,29,
Hà Nội,9/23/2021 14:00,30,21,4,1,
Hà Nội,9/23/2021 14:00,19,13,19,3,
Hà Nội,9/23/2021 15:00,44,36,8,2,
Đà Nẵng,9/23/2021 15:00,10,6,10,1,34
Nha Trang,9/23/2021 15:00,,,1,3,7
Hà Nội,9/23/2021 14:00,89,53,12,8,
Hà Nội,9/23/2021 14:00,22,15,8,3,
Hà Nội,9/23/2021 14:00,91,71,15,4,
Hà Nội,9/23/2021 14:00,29,19,,4,
Cao Bằng,9/23/2021 16:00,57,113,,,1
Hồ Chí Minh ,9/30/2021 13:00,53,,,,
Hà Nội,8/17/2021 22:00,52,,,,
Hà Nội,9/30/2021 13:00,93,,9.2,0.1,5.6
Gia Lai,9/30/2021 13:00,14,12,3,2,15
Thừa Thiên Huế,9/29/2021 16:00,,,,4,
Hà Nội,9/30/2021 12:00,,,,6,
Bắc Ninh,6/28/2021 22:00,67,53,12,5,9
Lào Cai,9/30/2021 13:00,,1,2,46,55
Hạ Long,9/30/2021 13:00,,,9,,
Quảng Ninh,9/30/2021 13:00,25,26,3,1,17
Bắc Ninh,9/30/2021 13:00,63,52,2,1,8
Bắc Ninh,9/30/2021 13:00,,,2,5,4
Hà Nội,4/27/2021 15:00,91,65,37,29,
Hà Nội,9/30/2021 11:00,65,47,7,2,
Hà Nội,9/30/2021 11:00,78,52,29,8,
Hà Nội,9/30/2021 12:00,89,63,11,6,
Đà Nẵng,9/30/2021 13:00,44,32,10,1,39
Nha Trang,9/30/2021 13:00,,,1,1,6
Hà Nội,9/30/2021 11:00,114,65,17,12,
Hà Nội,9/30/2021 11:00,60,40,16,7,
Hà Nội,9/30/2021 11:00,101,75,28,27,
Hà Nội,9/30/2021 11:00,108,60,,9,
Cao Bằng,9/30/2021 13:00,83,86,1,,1
Hồ Chí Minh ,10/8/2021 8:00,156,,,,
Hà Nội,8/17/2021 22:00,52,,,,
Hà Nội,10/8/2021 9:00,114,,6,0.1,5.6
Gia Lai,10/8/2021 9:00,7,5,5,3,17
Thừa Thiên Huế,10/7/2021 20:00,,,,5,
Hà Nội,10/7/2021 8:00,,,,10,
Bắc Ninh,6/28/2021 22:00,67,53,12,5,9
Lào Cai,10/8/2021 9:00,2,1,2,55,59
Hạ Long,10/8/2021 9:00,,,11,,
Quảng Ninh,10/8/2021 9:00,,,2,,13
Bắc Ninh,10/8/2021 9:00,88,58,6,3,10
Bắc Ninh,10/8/2021 9:00,,,4,3,7
Hà Nội,4/27/2021 15:00,91,65,37,29,
Hà Nội,10/8/2021 7:00,111,65,19,1,
Hà Nội,10/8/2021 7:00,94,57,26,5,
Hà Nội,10/8/2021 8:00,140,81,13,5,
Đà Nẵng,10/8/2021 9:00,37,20,11,3,38
Nha Trang,10/8/2021 8:00,,,1,4,7
Hà Nội,10/8/2021 7:00,146,90,16,9,
Hà Nội,10/8/2021 7:00,133,69,20,6,
Hà Nội,10/8/2021 7:00,152,101,29,31,
Hà Nội,10/8/2021 7:00,132,69,,9,
Cao Bằng,10/8/2021 9:00,139,101,,,1
Hồ Chí Minh ,10/8/2021 16:00,17,,,,
Hà Nội,8/17/2021 22:00,52,,,,
Hà Nội,10/11/2021 8:00,46,,7.8,0.1,5.1
Gia Lai,10/11/2021 8:00,17,18,7,5,16
Thừa Thiên Huế,10/11/2021 9:00,,,,5,
Hà Nội,10/7/2021 8:00,,,,10,
Bắc Ninh,6/28/2021 22:00,67,53,12,5,9
Lào Cai,10/11/2021 8:00,2,1,,42,53
Hạ Long,10/11/2021 8:00,,,10,,
Quảng Ninh,10/11/2021 8:00,,,5,,10
Bắc Ninh,10/11/2021 8:00,1,1,2,2,8
Bắc Ninh,10/11/2021 8:00,,,1,6,4
Hà Nội,4/27/2021 15:00,91,65,37,29,
Hà Nội,10/10/2021 20:00,13,8,5,2,
Hà Nội,10/10/2021 20:00,11,8,18,3,
Hà Nội,10/11/2021 7:00,21,9,14,3,
Đà Nẵng,10/11/2021 8:00,62,40,11,9,35
Nha Trang,10/11/2021 8:00,,,1,3,7
Hà Nội,10/10/2021 20:00,41,45,9,8,
Hà Nội,10/9/2021 17:00,54,32,20,6,
Hà Nội,10/10/2021 20:00,37,38,19,5,
Hà Nội,10/10/2021 2:00,22,15,,3,
Cao Bằng,10/11/2021 8:00,17,17,,,2
Hồ Chí Minh ,10/13/2021 11:00,30,,,,
Hà Nội,8/17/2021 22:00,52,,,,
Hà Nội,10/14/2021 9:00,50,,6,0.1,5.1
Gia Lai,10/14/2021 9:00,22,15,11,4,17
Thừa Thiên Huế,10/14/2021 9:00,,,,10,
Hà Nội,10/7/2021 8:00,,,,10,
Bắc Ninh,6/28/2021 22:00,67,53,12,5,9
Lào Cai,10/14/2021 9:00,12,2,1,44,1.5
Hạ Long,10/14/2021 9:00,,,8,,
Quảng Ninh,10/14/2021 9:00,,,2,,9
Bắc Ninh,10/14/2021 9:00,15,26,1,1,7
Bắc Ninh,10/14/2021 9:00,,,3,6,6
Hà Nội,4/27/2021 15:00,91,65,37,29,
Hà Nội,10/13/2021 15:00,16,15,5,2,
Hà Nội,10/13/2021 15:00,33,23,25,4,
Hà Nội,10/13/2021 17:00,36,28,15,4,
Đà Nẵng,10/14/2021 9:00,50,36,11,9,38
Nha Trang,10/14/2021 8:00,,,1,3,6
Hà Nội,10/13/2021 15:00,61,55,13,10,
Hà Nội,10/13/2021 15:00,48,31,27,6,
Hà Nội,10/13/2021 15:00,42,53,22,20,
Hà Nội,10/10/2021 2:00,22,15,,3,
Cao Bằng,10/14/2021 9:00,18,20,,,1
Hồ Chí Minh ,10/13/2021 11:00,30,,,,
Hà Nội,8/17/2021 22:00,52,,,,
Hà Nội,10/18/2021 10:00,53,,6.9,0.1,5.1
Gia Lai,10/18/2021 10:00,3,4,1,1,17
Thừa Thiên Huế,10/18/2021 10:00,,,,13,
Hà Nội,10/7/2021 8:00,,,,10,
Bắc Ninh,6/28/2021 22:00,67,53,12,5,9
Lào Cai,10/18/2021 11:00,12,1,1,48,99.1
Hạ Long,10/18/2021 10:00,,,8,,
Quảng Ninh,10/18/2021 10:00,,,3,,10
Bắc Ninh,10/18/2021 10:00,32,22,3,2,7
Bắc Ninh,10/18/2021 10:00,,,3,6,7
Hà Nội,4/27/2021 15:00,91,65,37,29,
Hà Nội,10/18/2021 8:00,40,23,11,3,
Hà Nội,10/18/2021 8:00,19,35,30,6,
Hà Nội,10/18/2021 9:00,18,12,13,4,
Đà Nẵng,10/18/2021 10:00,2,1,11,1,35
Nha Trang,10/18/2021 10:00,,,1,5,7
Hà Nội,10/18/2021 8:00,54,39,25,26,
Hà Nội,10/18/2021 8:00,31,17,19,4,
Hà Nội,10/18/2021 8:00,56,45,22,17,
Hà Nội,10/18/2021 8:00,42,27,,4,
Cao Bằng,10/18/2021 10:00,70,113,,,1
Hồ Chí Minh ,10/13/2021 11:00,30,,,,
Hà Nội,8/17/2021 22:00,52,,,,
Hà Nội,10/20/2021 8:00,173,,22,0.2,6.6
Gia Lai,10/20/2021 8:00,25,21,6,4,17
Thừa Thiên Huế,10/20/2021 9:00,,,,11,
Hà Nội,10/7/2021 8:00,,,,10,
Bắc Ninh,6/28/2021 22:00,67,53,12,5,9
Lào Cai,10/20/2021 8:00,12,1,2,50,99.1
Hạ Long,10/20/2021 8:00,,,16,,
Quảng Ninh,10/20/2021 8:00,,,10,,10
Bắc Ninh,10/19/2021 11:00,24,17,2,2,22
Bắc Ninh,10/20/2021 8:00,,,10,8,7
Hà Nội,4/27/2021 15:00,91,65,37,29,
Hà Nội,10/19/2021 21:00,75,42,14,6,
Hà Nội,10/20/2021 8:00,155,87,38,17,
Hà Nội,10/20/2021 8:00,107,83,21,10,
Đà Nẵng,10/20/2021 8:00,45,33,12,4,12
Nha Trang,10/20/2021 8:00,,,1,4,7
Hà Nội,10/19/2021 21:00,107,78,33,10,
Hà Nội,10/19/2021 21:00,70,47,33,12,
Hà Nội,10/19/2021 21:00,114,85,27,26,
Hà Nội,10/19/2021 21:00,80,55,,14,
Cao Bằng,10/20/2021 9:00,76,138,,,1
Hồ Chí Minh ,10/25/2021 13:00,46,,,,
Hà Nội,8/17/2021 22:00,52,,,,
Hà Nội,10/25/2021 14:00,109,,11,0.1,6.1
Gia Lai,10/25/2021 14:00,8,7,1,1,16
Thừa Thiên Huế,10/25/2021 13:00,,,,6,
Hà Nội,10/7/2021 8:00,,,,10,
Bắc Ninh,6/28/2021 22:00,67,53,12,5,9
Lào Cai,10/25/2021 14:00,2.1,1,1,45,56
Hạ Long,10/25/2021 14:00,,,12,,
Quảng Ninh,10/25/2021 14:00,,,10,12,29
Bắc Ninh,10/19/2021 11:00,24,17,2,2,22
Bắc Ninh,10/25/2021 14:00,,,1,4,7
Hà Nội,4/27/2021 15:00,91,65,37,29,
Hà Nội,10/25/2021 11:00,79,49,7,3,
Hà Nội,10/25/2021 11:00,70,49,32,5,
Hà Nội,10/25/2021 13:00,116,69,11,3,
Đà Nẵng,10/25/2021 14:00,24,15,14,2,12
Nha Trang,10/25/2021 13:00,,,1,2,7
Hà Nội,10/25/2021 11:00,124,78,26,13,
Hà Nội,10/25/2021 11:00,55,49,21,3,
Hà Nội,10/25/2021 11:00,122,79,21,16,
Hà Nội,10/25/2021 11:00,82,53,,3,
Cao Bằng,10/25/2021 14:00,104,142,,,1
Hồ Chí Minh ,11/1/2021 13:00,82,,,,
Hà Nội,8/17/2021 22:00,52,,,,
Hà Nội,11/1/2021 12:00,34,,6.4,0.1,5.1
Gia Lai,11/1/2021 13:00,8,7,1,1,17
Thừa Thiên Huế,11/1/2021 13:00,,,,5,
Hà Nội,10/7/2021 8:00,,,,10,
Bắc Ninh,6/28/2021 22:00,67,53,12,5,9
Lào Cai,11/1/2021 13:00,2,1,1,47,453
Hạ Long,11/1/2021 13:00,,,14,,
Quảng Ninh,11/1/2021 13:00,,,3,8,27
Bắc Ninh,10/19/2021 11:00,24,17,2,2,22
Bắc Ninh,11/1/2021 13:00,,,1,6,6
Hà Nội,4/27/2021 15:00,91,65,37,29,
Hà Nội,11/1/2021 11:00,18,10,6,5,
Hà Nội,11/1/2021 11:00,43,26,22,6,
Hà Nội,11/1/2021 12:00,26,19,15,5,
Đà Nẵng,11/1/2021 13:00,21,12,15,1,12
Nha Trang,11/1/2021 12:00,,,1,3,7
Hà Nội,11/1/2021 11:00,28,28,11,5,
Hà Nội,11/1/2021 11:00,24,19,16,4,
Hà Nội,11/1/2021 8:00,40,44,23,22,
Hà Nội,11/1/2021 11:00,24,19,,5,
Cao Bằng,11/1/2021 13:00,23,17,,,2
Hồ Chí Minh ,11/4/2021 4:00,9,,,,
Hà Nội,8/17/2021 22:00,52,,,,
Hà Nội,11/4/2021 7:00,87,,19.2,0.3,5.6
Gia Lai,11/4/2021 8:00,17,13,2,1,1
Thừa Thiên Huế,11/4/2021 8:00,,,,20,
Hà Nội,10/7/2021 8:00,,,,10,
Bắc Ninh,6/28/2021 22:00,67,53,12,5,9
Lào Cai,11/4/2021 8:00,2,1,1,44,500
Hạ Long,11/4/2021 8:00,,,17,,
Quảng Ninh,11/4/2021 8:00,46,44,24,10,35
Bắc Ninh,10/19/2021 11:00,24,17,2,2,22
Bắc Ninh,11/4/2021 8:00,,,1,7,6
Hà Nội,4/27/2021 15:00,91,65,37,29,
Hà Nội,11/3/2021 20:00,62,34,23,15,
Hà Nội,11/3/2021 20:00,121,76,48,64,
Hà Nội,11/4/2021 7:00,65,56,17,5,
Đà Nẵng,11/4/2021 8:00,38,26,24,7,13
Nha Trang,11/4/2021 7:00,,,1,5,7
Hà Nội,11/3/2021 17:00,103,72,44,21,
Hà Nội,11/3/2021 20:00,72,42,47,20,
Hà Nội,11/3/2021 20:00,109,83,46,33,
Hà Nội,11/3/2021 20:00,72,52,,39,
Cao Bằng,11/3/2021 17:00,21,54,,,5
Hồ Chí Minh ,11/7/2021 10:00,78,,,,
Hà Nội,8/17/2021 22:00,52,,,,
Hà Nội,11/7/2021 10:00,68,,10.1,0.1,5.6
Gia Lai,11/7/2021 10:00,27,21,2,1,1
Thừa Thiên Huế,11/7/2021 10:00,,,,8,
Hà Nội,10/7/2021 8:00,,,,10,
Bắc Ninh,6/28/2021 22:00,67,53,12,5,9
Lào Cai,11/7/2021 10:00,,1,1,45,500
Hạ Long,11/7/2021 10:00,,,13,,
Quảng Ninh,11/7/2021 10:00,19,21,10,12,25
Bắc Ninh,11/7/2021 10:00,,,5,1,10
Bắc Ninh,11/7/2021 10:00,,,,5,6
Hà Nội,4/27/2021 15:00,91,65,37,29,
Hà Nội,11/7/2021 8:00,41,24,2,2,
Hà Nội,11/7/2021 8:00,54,40,25,5,
Hà Nội,11/7/2021 9:00,43,48,7,3,
Đà Nẵng,11/7/2021 10:00,45,32,12,3,12
Nha Trang,11/7/2021 9:00,,,1,2,9
Hà Nội,11/7/2021 8:00,86,65,32,19,
Hà Nội,11/7/2021 8:00,42,33,16,3,
Hà Nội,11/7/2021 8:00,86,73,23,23,
Hà Nội,11/7/2021 8:00,35,29,,2,
Cao Bằng,11/3/2021 17:00,21,54,,,5
Hồ Chí Minh ,11/10/2021 10:00,97,,,,
Hà Nội,8/17/2021 22:00,52,,,,
Hà Nội,11/10/2021 10:00,59,,7.8,0.1,6.1
Gia Lai,11/10/2021 10:00,6,6,1,1,1
Thừa Thiên Huế,11/10/2021 10:00,,,,10,
Hà Nội,10/7/2021 8:00,,,,10,
Bắc Ninh,6/28/2021 22:00,67,53,12,5,9
Lào Cai,11/10/2021 11:00,99.2,1,,45,500
Hạ Long,11/10/2021 7:00,,,12,,
Quảng Ninh,11/10/2021 10:00,18,35,5,25,23
Bắc Ninh,11/10/2021 10:00,,,2,1,11
Bắc Ninh,11/10/2021 10:00,,,,6,7
Hà Nội,4/27/2021 15:00,91,65,37,29,
Hà Nội,11/10/2021 8:00,4,3,3,1,
Hà Nội,11/10/2021 8:00,40,33,33,5,
Hà Nội,11/10/2021 10:00,74,52,13,4,
Đà Nẵng,11/9/2021 0:00,11,7,11,1,12
Nha Trang,11/10/2021 10:00,,,1,4,7
Hà Nội,11/10/2021 8:00,46,55,20,15,
Hà Nội,11/10/2021 8:00,27,19,21,3,
Hà Nội,11/10/2021 8:00,52,57,24,19,
Hà Nội,11/10/2021 8:00,32,25,,5,
Cao Bằng,11/10/2021 10:00,50,92,,,3
Hồ Chí Minh ,11/16/2021 12:00,65,,,,
Hà Nội,8/17/2021 22:00,52,,,,
Hà Nội,11/16/2021 12:00,174,,17.9,0.1,7.1
Gia Lai,11/16/2021 13:00,5,4,1,1,1
Thừa Thiên Huế,11/16/2021 13:00,,,,5,
Hà Nội,10/7/2021 8:00,,,,10,
Bắc Ninh,6/28/2021 22:00,67,53,12,5,9
Lào Cai,11/16/2021 13:00,99.1,1,,50,500
Hạ Long,11/16/2021 12:00,,,29,,
Quảng Ninh,11/16/2021 13:00,46,46,14,7,34
Bắc Ninh,11/16/2021 13:00,,,5,3,11
Bắc Ninh,11/15/2021 5:00,,,,6,8
Hà Nội,4/27/2021 15:00,91,65,37,29,
Hà Nội,11/16/2021 11:00,95,51,11,3,
Hà Nội,11/16/2021 11:00,167,94,42,6,
Hà Nội,11/16/2021 12:00,146,102,21,6,
Đà Nẵng,11/9/2021 0:00,11,7,11,1,12
Nha Trang,11/16/2021 12:00,,,1,5,7
Hà Nội,11/16/2021 11:00,178,140,53,19,
Hà Nội,11/16/2021 7:00,69,43,23,5,
Hà Nội,11/16/2021 11:00,162,119,41,15,
Hà Nội,11/16/2021 11:00,186,105,,7,
Cao Bằng,11/16/2021 13:00,101,64,10,,1
Hồ Chí Minh ,11/20/2021 9:00,114,,,,
Hà Nội,8/17/2021 22:00,52,,,,
Hà Nội,11/20/2021 10:00,158,,11.9,0.2,5.1
Gia Lai,11/20/2021 9:00,27,18,1,1,2
Thừa Thiên Huế,11/20/2021 10:00,,,,8,
Hà Nội,10/7/2021 8:00,,,,10,
Bắc Ninh,6/28/2021 22:00,67,53,12,5,9
Lào Cai,11/20/2021 10:00,3,2,2,50,500
Hạ Long,11/20/2021 9:00,,,22,,
Quảng Ninh,11/20/2021 9:00,44,39,20,7,31
Bắc Ninh,11/20/2021 9:00,,,33,4,10
Bắc Ninh,11/20/2021 5:00,,,,6,5
Hà Nội,4/27/2021 15:00,91,65,37,29,
Hà Nội,11/20/2021 7:00,149,66,12,7,
Hà Nội,11/20/2021 8:00,162,86,24,7,
Hà Nội,11/19/2021 10:00,165,104,22,8,
Đà Nẵng,11/9/2021 0:00,11,7,11,1,12
Nha Trang,11/20/2021 9:00,,,2,6,7
Hà Nội,11/20/2021 8:00,195,154,24,49,
Hà Nội,11/20/2021 2:00,159,75,18,5,
Hà Nội,11/20/2021 5:00,189,145,32,46,
Hà Nội,11/20/2021 8:00,171,93,,8,
Cao Bằng,11/20/2021 10:00,39,31,5,,2
Hồ Chí Minh ,11/26/2021 9:00,89,,,,
Hà Nội,8/17/2021 22:00,52,,,,
Hà Nội,11/26/2021 9:00,151,,11,0.1,6.1
Gia Lai,11/26/2021 9:00,14,11,1,1,1
Thừa Thiên Huế,11/26/2021 9:00,,,,11,
Hà Nội,10/7/2021 8:00,,,,10,
Bắc Ninh,6/28/2021 22:00,67,53,12,5,9
Lào Cai,11/26/2021 9:00,14,8,,50,401
Hạ Long,11/26/2021 9:00,,,26,,
Quảng Ninh,11/26/2021 9:00,48,58,11,8,32
Bắc Ninh,11/26/2021 9:00,,,6,2,10
Bắc Ninh,11/26/2021 9:00,,,,5,17
Hà Nội,4/27/2021 15:00,91,65,37,29,
Hà Nội,11/25/2021 19:00,40,34,9,4,
Hà Nội,11/25/2021 22:00,129,76,58,13,
Hà Nội,11/26/2021 8:00,124,77,17,4,
Đà Nẵng,11/26/2021 9:00,27,18,12,5,12
Nha Trang,11/26/2021 8:00,,,1,2,7
Hà Nội,11/26/2021 4:00,150,102,26,5,
Hà Nội,11/26/2021 2:00,98,53,21,6,
Hà Nội,11/26/2021 6:00,135,97,34,33,
Hà Nội,11/26/2021 6:00,133,70,,4,
Cao Bằng,11/26/2021 9:00,87,79,20,,1
Hồ Chí Minh ,11/29/2021 14:00,93,,,,
Hà Nội,8/17/2021 22:00,52,,,,
Hà Nội,11/29/2021 14:00,107,,13.3,0.1,6.6
Gia Lai,11/29/2021 15:00,4,4,1,1,1
Thừa Thiên Huế,11/29/2021 15:00,,,,13,
Hà Nội,10/7/2021 8:00,,,,10,
Bắc Ninh,6/28/2021 22:00,67,53,12,5,9
Lào Cai,11/29/2021 15:00,10,5,,50,434
Hạ Long,11/29/2021 14:00,,,15,,
Quảng Ninh,11/29/2021 15:00,66,67,44,12,55
Bắc Ninh,11/29/2021 15:00,,,6,2,14
Bắc Ninh,11/29/2021 15:00,,,,6,13
Hà Nội,4/27/2021 15:00,91,65,37,29,
Hà Nội,11/29/2021 2:00,143,72,16,6,
Hà Nội,11/29/2021 7:00,89,107,20,5,
Hà Nội,11/29/2021 14:00,148,77,10,2,
Đà Nẵng,11/29/2021 15:00,59,33,12,2,12
Nha Trang,11/29/2021 14:00,,,1,2,7
Hà Nội,11/29/2021 9:00,168,126,40,11,
Hà Nội,11/29/2021 0:00,130,68,30,7,
Hà Nội,11/29/2021 9:00,162,108,37,20,
Hà Nội,11/29/2021 9:00,149,76,,7,
Cao Bằng,11/29/2021 15:00,77,114,5,,2
