Station ID,Date,PM2.5,PM10,NO2,CO,SO2
8767,1/21/2021,102,0,,,
8688,1/21/2021,,0,,,
8641,1/21/2021,281,0,8.7,0.3,2.1
13012,1/21/2021,36,29,6,3,1
12488,1/21/2021,68,52,,2,
13251,1/21/2021,217,194,65,12,2
12976,1/21/2021,195,119,17,8,3
13250,1/21/2021,168,65,2,37,17
5507,1/21/2021,48,25,11,,
11778,1/21/2021,18,12,5,5,3
12958,1/21/2021,251,155,52,7,6
12957,1/21/2021,315,205,48,7,12
13015,1/21/2021,224,185,80,61,
13018,1/21/2021,177,112,42,20,
13019,1/21/2021,179,122,47,14,
13026,1/21/2021,214,149,36,19,1
1584,1/21/2021,,,1,3,5
1585,1/21/2021,,,13,7,3
13017,1/21/2021,213,175,34,31,
13020,1/21/2021,166,105,33,13,
13013,1/21/2021,221,177,31,38,
13014,1/21/2021,191,130,,17,
13252,1/21/2021,213,204,,,2
8767,1/22/2021,122,0,,,
8688,1/22/2021,,0,,,
8641,1/22/2021,189,0,8.7,0.1,3.1
13012,1/22/2021,17,18,13,4,1
12488,1/22/2021,68,52,,2,
13251,1/22/2021,189,156,42,12,2
12976,1/22/2021,164,88,14,5,17
13250,1/22/2021,131,24,3,38,22
5507,1/22/2021,49,26,14,,
11778,1/22/2021,38,24,14,6,24
12958,1/22/2021,235,138,25,5,19
12957,1/22/2021,252,157,15,2,15
13015,1/22/2021,191,157,47,48,
13018,1/22/2021,161,90,31,9,
13019,1/22/2021,164,114,30,7,
13026,1/22/2021,183,126,20,9,1
1584,1/22/2021,,,1,2,6
1585,1/22/2021,,,4,2,3
13017,1/22/2021,186,151,25,14,
13020,1/22/2021,158,94,20,7,
13013,1/22/2021,188,152,37,17,
13014,1/22/2021,159,95,,9,
13252,1/22/2021,208,212,,,2
8767,1/23/2021,114,0,,,
8688,1/23/2021,,0,,,
8641,1/23/2021,189,0,8.7,0.2,4.6
13012,1/23/2021,26,25,12,4,1
12488,1/23/2021,68,52,,2,
13251,1/23/2021,169,123,28,11,2
12976,1/23/2021,176,102,16,9,4
13250,1/23/2021,151,55,2,40,150
5507,1/23/2021,65,34,9,,
11778,1/23/2021,51,29,8,7,14
12958,1/23/2021,226,136,20,6,6
12957,1/23/2021,214,128,13,1,16
13015,1/23/2021,170,130,37,40,
13018,1/23/2021,149,81,33,7,
13019,1/23/2021,157,92,35,9,
13026,1/23/2021,160,106,23,10,1
1584,1/23/2021,,,1,3,6
1585,1/23/2021,,,2,2,3
13017,1/23/2021,167,123,20,13,
13020,1/23/2021,151,83,23,12,
13013,1/23/2021,168,121,31,11,
13014,1/23/2021,155,89,,11,
13252,1/23/2021,194,340,,,2
8767,1/25/2021,80,0,,,
8688,1/25/2021,,0,,,
8641,1/25/2021,139,0,12.8,0.2,1.6
13012,1/25/2021,70,53,17,6,2
12488,1/25/2021,29,24,,1,
13251,1/25/2021,147,95,23,23,2
12976,1/23/2021,176,102,16,9,4
13250,1/25/2021,127,56,2,36,23
5507,1/25/2021,32,17,18,,
11778,1/25/2021,11,7,29,5,7
12958,1/25/2021,137,91,46,5,3
12957,1/25/2021,116,66,17,4,5
13015,1/25/2021,150,102,48,51,
13018,1/25/2021,106,66,11,5,
13019,1/25/2021,132,77,26,13,
13026,1/25/2021,145,84,15,6,1
1584,1/25/2021,,,1,9,6
1585,1/25/2021,,,3,2,3
13017,1/25/2021,146,102,24,15,
13020,1/25/2021,108,61,10,9,
13013,1/25/2021,151,104,23,17,
13014,1/25/2021,109,61,,8,
13252,1/25/2021,174,185,,,1
8767,1/26/2021,137,0,,,
8688,1/26/2021,,0,,,
8641,1/26/2021,134,0,10.1,0.1,1.6
13012,1/26/2021,26,25,9,3,1
12488,1/26/2021,17,21,,2,
13251,1/26/2021,126,87,23,12,2
12976,1/23/2021,176,102,16,9,4
13250,1/26/2021,103,65,3,42,33
5507,1/26/2021,44,23,5,,
11778,1/26/2021,20,12,18,4,7
12958,1/26/2021,75,55,10,2,2
12957,1/26/2021,92,59,4,3,3
13015,1/26/2021,117,82,27,15,
13018,1/26/2021,73,51,11,4,
13019,1/26/2021,86,56,25,6,
13026,1/26/2021,104,64,22,5,1
1584,1/26/2021,,,1,3,6
1585,1/26/2021,,,2,1,3
13017,1/26/2021,113,83,14,8,
13020,1/26/2021,71,47,8,5,
13013,1/26/2021,117,69,20,8,
13014,1/26/2021,79,55,,6,
13252,1/26/2021,188,186,,,1
8767,1/27/2021,117,0,,,
8688,1/27/2021,,0,,,
8641,1/27/2021,109,0,15.6,0.2,2.1
13012,1/27/2021,14,14,3,2,1
12488,1/27/2021,17,21,,1,
13251,1/27/2021,87,71,19,13,2
12976,1/27/2021,67,53,9,2,3
13250,1/27/2021,28,63,1,41,60
5507,1/27/2021,45,26,5,,
11778,1/27/2021,22,13,18,6,7
12958,1/27/2021,142,77,34,5,11
12957,1/27/2021,106,60,5,4,3
13015,1/27/2021,88,58,50,48,
13018,1/27/2021,71,47,13,4,
13019,1/27/2021,63,46,21,5,
13026,1/27/2021,80,53,12,5,1
1584,1/27/2021,,,1,9,6
1585,1/27/2021,,,4,2,3
13017,1/27/2021,84,64,8,5,
13020,1/27/2021,72,47,8,5,
13013,1/27/2021,82,56,19,9,
13014,1/27/2021,65,46,,4,
13252,1/27/2021,191,199,,,1
8767,1/29/2021,91,0,,,
8688,1/29/2021,,0,,,
8641,1/29/2021,164,0,14.2,0.2,5.1
13012,1/29/2021,30,22,5,2,2
12488,1/29/2021,35,20,,2,
13251,1/29/2021,141,99,24,12,1
12976,1/29/2021,75,55,19,5,13
13250,1/29/2021,113,53,3,30,46
5507,1/29/2021,46,31,5,,
11778,1/29/2021,16,12,22,6,20
12958,1/29/2021,118,70,32,5,25
12957,1/29/2021,119,74,12,3,9
13015,1/29/2021,145,98,54,38,
13018,1/29/2021,96,60,22,6,
13019,1/29/2021,106,64,30,10,
13026,1/29/2021,134,74,18,6,1
1584,1/29/2021,,,1,6,6
1585,1/29/2021,,,5,4,3
13017,1/29/2021,139,97,15,10,
13020,1/29/2021,94,61,16,10,
13013,1/29/2021,138,96,28,18,
13014,1/29/2021,99,65,,10,
13252,1/29/2021,139,126,,,1
8767,1/30/2021,87,0,,,
8688,1/30/2021,,0,,,
8641,1/30/2021,215,0,13.3,0.2,3.1
13012,1/30/2021,32,22,3,2,2
12488,1/30/2021,21,20,,1,
13251,1/30/2021,183,160,29,13,1
12976,1/30/2021,137,71,19,7,4
13250,1/30/2021,175,69,7,38,150
5507,1/30/2021,54,28,5,,
11778,1/30/2021,12,8,12,5,99
12958,1/30/2021,182,99,27,6,3
12957,1/30/2021,119,74,21,3,4
13015,1/30/2021,192,147,48,34,
13018,1/30/2021,161,102,34,13,
13019,1/30/2021,178,118,49,17,
13026,1/30/2021,186,128,31,17,2
1584,1/30/2021,,,1,13,6
1585,1/30/2021,,,2,2,3
13017,1/30/2021,189,158,35,15,
13020,1/30/2021,156,104,35,15,
13013,1/30/2021,191,161,45,20,
13014,1/30/2021,176,112,,16,
13252,1/30/2021,189,168,,,1
8767,1/31/2021,59,,,,
8688,1/31/2021,,,,,
8641,1/31/2021,117,0,9.2,0.1,1.6
13012,1/31/2021,20,17,3,1,2
12488,1/31/2021,19,27,,1,
13251,1/31/2021,180,131,23,17,1
12976,1/31/2021,60,39,14,3,2
13250,1/31/2021,135,65,3,30,22
5507,1/31/2021,33,17,5,,
11778,1/31/2021,10,7,43,5,99
12958,1/31/2021,97,60,30,3,5
12957,1/31/2021,119,74,14,2,2
13015,1/31/2021,175,121,40,41,
13018,1/31/2021,140,71,19,5,
13019,1/31/2021,140,82,24,9,
13026,1/31/2021,184,111,21,8,1
1584,1/31/2021,,,1,7,6
1585,1/31/2021,,,11,3,4
13017,1/31/2021,179,132,23,14,
13020,1/31/2021,159,88,12,7,
13013,1/31/2021,183,132,28,19,
13014,1/31/2021,150,78,,7,
13252,1/31/2021,177,117,,,1
8767,2/3/2021,59,,,,
8688,2/3/2021,,,,,
8641,2/3/2021,161,0,12.8,0.1,4.6
13012,2/3/2021,24,16,2,1,2
12488,2/3/2021,54,42,,1,
13251,2/2/2021,111,78,28,18,1
12976,2/2/2021,34,28,15,2,2
13250,2/3/2021,155,68,4,28,19
5507,2/2/2021,43,22,,,
11778,2/2/2021,5,3,9,5,99
12958,2/2/2021,115,68,27,3,3
12957,2/2/2021,119,74,7,3,4
13015,2/2/2021,144,98,38,40,
13018,2/2/2021,97,56,16,6,
13019,2/2/2021,95,59,36,10,
13026,2/2/2021,113,70,18,4,1
1584,2/2/2021,,,1,3,6
1585,2/3/2021,,,7,2,3
13017,2/2/2021,119,81,23,17,
13020,2/2/2021,98,57,12,7,
13013,2/2/2021,131,94,26,21,
13014,2/2/2021,105,61,,7,
13252,2/2/2021,53,83,,,1
8767,2/3/2021,76,,,,
8688,2/3/2021,,,,,
8641,2/3/2021,93,0,11.5,0.1,4.6
13012,2/3/2021,37,28,5,2,2
12488,2/3/2021,30,32,,2,
13251,2/3/2021,108,67,22,13,1
12976,2/3/2021,40,31,6,1,2
13250,2/3/2021,183,90,6,31,54
5507,2/3/2021,45,23,,,
11778,2/3/2021,5,3,10,6,99
12958,2/3/2021,86,53,9,2,2
12957,2/3/2021,119,74,4,3,1
13015,2/3/2021,102,76,35,38,
13018,2/3/2021,82,52,9,4,
13019,2/3/2021,83,56,27,6,
13026,2/3/2021,103,60,14,2,1
1584,2/3/2021,,,1,13,6
1585,2/3/2021,,,2,1,3
13017,2/3/2021,98,74,25,14,
13020,2/3/2021,75,56,7,5,
13013,2/3/2021,102,76,27,20,
13014,2/3/2021,74,53,,5,
13252,2/2/2021,53,83,,,1
8767,2/5/2021,137,,,,
8688,2/5/2021,,,,,
8641,2/5/2021,124,0,19.2,0.1,4.6
13012,2/5/2021,14,12,5,2,1
12488,2/5/2021,38,90,,3,
13251,2/5/2021,114,81,18,9,1
12976,2/5/2021,50,40,9,2,3
13250,2/5/2021,54,14,4,31,59
5507,2/5/2021,31,22,,,
11778,2/5/2021,8,5,14,4,99
12958,2/5/2021,96,58,4,2,4
12957,2/5/2021,,,2,2,2
13015,2/5/2021,123,82,25,18,
13018,2/5/2021,82,51,15,4,
13019,2/5/2021,89,60,23,5,
13026,2/5/2021,104,68,14,1,1
1584,2/5/2021,,,1,8,6
1585,2/5/2021,,,4,2,3
13017,2/5/2021,112,69,14,13,
13020,2/5/2021,78,52,8,4,
13013,2/5/2021,116,80,17,15,
13014,2/5/2021,94,58,,6,
13252,2/5/2021,90,99,,,1
8767,2/6/2021,91,,,,
8688,2/6/2021,,,,,
8641,2/6/2021,139,0,20.6,0.2,5.1
13012,2/6/2021,25,25,4,2,1
12488,2/6/2021,39,69,,2,
13251,2/6/2021,85,60,14,7,2
12976,2/6/2021,75,77,12,4,2
13250,2/6/2021,45,8,2,32,41
5507,2/6/2021,22,13,,,
11778,2/6/2021,5,4,10,4,99
12958,2/6/2021,149,84,6,3,4
12957,2/6/2021,,,6,3,2
13015,2/6/2021,85,67,34,35,
13018,2/6/2021,61,47,8,4,
13019,2/6/2021,64,51,30,9,
13026,2/6/2021,73,62,23,2,1
1584,2/6/2021,,,1,14,6
1585,2/6/2021,,,2,3,4
13017,2/6/2021,85,67,19,11,
13020,2/6/2021,55,40,7,6,
13013,2/6/2021,85,68,23,18,
13014,2/6/2021,59,43,,6,
13252,2/6/2021,162,121,,,1
8767,2/9/2021,102,,,,
8688,2/9/2021,,,,,
8641,2/9/2021,70,0,9.6,0.1,3.6
13012,2/9/2021,24,21,12,6,1
12488,2/9/2021,16,12,,1,
13251,2/9/2021,46,43,25,8,1
12976,2/9/2021,17,9,9,3,2
13250,2/9/2021,91,45,2,44,70
5507,2/6/2021,22,13,,,
11778,2/9/2021,1,1,5,6,3.8
12958,2/9/2021,14,8,1,3,1
12957,2/9/2021,,,3,4,1
13015,2/9/2021,46,44,13,10,
13018,2/9/2021,32,21,9,5,
13019,2/9/2021,38,26,12,5,
13026,2/9/2021,40,29,15,4,1
1584,2/9/2021,,,1,5,6
1585,2/9/2021,,,1,1,4
13017,2/9/2021,43,41,8,6,
13020,2/9/2021,34,28,7,5,
13013,2/9/2021,46,44,12,7,
13014,2/9/2021,42,28,,5,
13252,2/9/2021,30,21,,,
8767,2/14/2021,63,,,,
8688,2/14/2021,0,0,,13,0
8641,2/14/2021,167,0,11.9,0.1,4.6
13012,2/11/2021,21,15,7,3,1
12488,2/14/2021,59,51,,1,
13251,2/14/2021,94,67,21,7,2
12976,2/14/2021,86,49,7,3,2
13250,2/14/2021,112,44,1,34,20
5507,2/14/2021,36,19,,,
11778,2/14/2021,8,5,8,6,99.7
12958,2/14/2021,77,48,4,3,3
12957,2/14/2021,,,3,4,2
13015,2/14/2021,91,60,21,14,
13018,2/14/2021,53,29,8,4,
13019,2/14/2021,42,34,19,4,
13026,2/14/2021,93,53,27,20,2
1584,2/14/2021,,,1,6,6
1585,2/14/2021,,,12,6,4
13017,2/14/2021,79,57,12,8,
13020,2/14/2021,50,30,6,5,
13013,2/14/2021,94,63,16,6,
13014,2/14/2021,48,37,,5,
13252,2/14/2021,139,124,,,
8767,2/15/2021,74,,,,
8688,2/15/2021,,,,,
8641,2/15/2021,144,,14.2,0.1,4.6
13012,2/11/2021,21,15,7,3,1
12488,2/15/2021,28,42,,1,
13251,2/15/2021,105,73,26,7,2
12976,2/15/2021,47,28,4,2,2
13250,2/15/2021,148,52,3,41,59
5507,2/15/2021,23,12,,,
11778,2/15/2021,6,4,3,5,9
12958,2/15/2021,57,34,2,2,3
12957,2/15/2021,,,1,4,1
13015,2/15/2021,131,93,30,27,
13018,2/15/2021,87,54,8,4,
13019,2/15/2021,98,64,26,4,
13026,2/15/2021,96,60,29,5,1
1584,2/15/2021,,,1,2,6
1585,2/15/2021,,,1,2,4
13017,2/15/2021,111,76,17,13,
13020,2/15/2021,94,54,10,5,
13013,2/15/2021,121,85,22,16,
13014,2/15/2021,101,57,,6,
13252,2/15/2021,85,67,,,
8767,2/16/2021,97,,,,
8688,2/16/2021,,,,,
8641,2/16/2021,153,,12.4,0.1,4.6
13012,2/16/2021,35,24,5,2,1
12488,2/16/2021,39,53,,1,
13251,2/16/2021,56,53,20,5,1
12976,2/16/2021,63,38,6,2,3
13250,2/16/2021,119,32,3,39,76
5507,2/16/2021,26,14,,,
11778,2/16/2021,5,4,3,4,14
12958,2/16/2021,75,49,7,3,5
12957,2/16/2021,,,2,3,1
13015,2/16/2021,113,79,21,33,
13018,2/16/2021,88,59,9,3,
13019,2/16/2021,74,50,17,5,
13026,2/16/2021,97,56,33,3,1
1584,2/16/2021,,,1,2,6
1585,2/16/2021,,,1,1,4
13017,2/16/2021,109,75,21,12,
13020,2/16/2021,98,63,6,5,
13013,2/16/2021,111,69,25,2,
13014,2/16/2021,91,53,,5,
13252,2/16/2021,70,58,,,
8767,2/17/2021,74,,,,
8688,2/17/2021,,,,,
8641,2/17/2021,76,,7.4,0.1,4.1
13012,2/17/2021,37,27,3,1,1
12488,2/17/2021,26,41,,1,
13251,2/17/2021,83,66,17,4,2
12976,2/17/2021,36,34,7,2,3
13250,2/17/2021,139,55,2,38,117
5507,2/17/2021,41,25,,,
11778,2/17/2021,10,7,7,6,22
12958,2/17/2021,41,27,2,3,5
12957,2/17/2021,,,3,4,2
13015,2/17/2021,87,68,29,23,
13018,2/17/2021,49,28,9,5,
13019,2/17/2021,45,33,31,8,
13026,2/17/2021,78,49,20,6,1
1584,2/17/2021,,,1,1,6
1585,2/17/2021,,,2,2,4
13017,2/17/2021,83,66,17,14,
13020,2/17/2021,44,28,8,6,
13013,2/17/2021,81,65,23,16,
13014,2/17/2021,49,31,,8,
13252,2/17/2021,36,51,,,
8767,2/18/2021,93,,,,
8688,2/18/2021,,,,,
8641,2/18/2021,154,,4.6,0.1,6.1
13012,2/18/2021,33,27,1,1,1
12488,2/18/2021,39,64,,1,
13251,2/18/2021,112,77,31,7,2
12976,2/18/2021,83,51,8,3,4
13250,2/18/2021,192,87,2,32,44
5507,2/18/2021,24,19,,,
11778,2/18/2021,5,4,4,5,22
12958,2/18/2021,101,56,14,5,15
12957,2/18/2021,,,9,3,8
13015,2/18/2021,116,79,30,38,
13018,2/18/2021,95,51,12,9,
13019,2/18/2021,98,62,22,5,
13026,2/18/2021,101,59,14,5,1
1584,2/18/2021,,,1,4,6
1585,2/18/2021,,,3,2,4
13017,2/18/2021,114,77,20,13,
13020,2/18/2021,84,51,8,6,
13013,2/18/2021,124,86,23,20,
13014,2/18/2021,105,57,,7,
13252,2/18/2021,78,81,,,
8767,2/20/2021,80,,,,
8688,2/20/2021,,,,,
8641,2/20/2021,165,,5.1,0.1,5.6
13012,2/19/2021,27,21,2,1,1
12488,2/20/2021,41,70,,2,
13251,2/20/2021,116,61,73,16,2
12976,2/20/2021,121,66,8,3,4
13250,2/20/2021,167,72,6,30,12
5507,2/20/2021,31,17,,,
11778,2/20/2021,8,6,12,6,19.2
12958,2/20/2021,102,63,6,2,4
12957,2/20/2021,,,15,3,3
13015,2/20/2021,120,69,73,55,
13018,2/20/2021,110,61,39,7,
13019,2/20/2021,126,73,33,9,
13026,2/20/2021,100,62,21,3,1
1584,2/20/2021,,,1,6,6
1585,2/20/2021,,,4,2,4
13017,2/20/2021,127,71,18,11,
13020,2/20/2021,113,63,15,9,
13013,2/20/2021,117,64,13,11,
13014,2/20/2021,115,61,,7,
13252,2/20/2021,194,177,,,
8767,2/22/2021,76,,,,
8688,2/22/2021,,,,,
8641,2/22/2021,152,,5.1,0.1,4.1
13012,2/19/2021,31,25,1,1,2
12488,2/22/2021,29,55,,2,
13251,2/22/2021,127,70,38,10,1
12976,2/22/2021,85,63,11,2,4
13250,2/22/2021,175,65,6,31,85
5507,2/22/2021,17,9,,,
11778,2/22/2021,4,3,7,5,21.8
12958,2/22/2021,60,50,4,2,3
12957,2/22/2021,75,50,7,4,1
13015,2/22/2021,153,78,53,48,
13018,2/22/2021,99,56,39,4,
13019,2/22/2021,95,58,19,5,
13026,2/22/2021,104,1,20,3,1
1584,2/22/2021,,,1,11,7
1585,2/22/2021,,,1,2,4
13017,2/22/2021,138,73,9,6,
13020,2/22/2021,90,53,5,4,
13013,2/22/2021,133,69,24,7,
13014,2/22/2021,99,59,,6,
13252,2/22/2021,119,89,,,
8767,2/23/2021,155,,,,
8688,2/23/2021,,,,,
8641,2/23/2021,124,,4.6,0.2,3.6
13012,2/19/2021,31,25,1,1,2
12488,2/23/2021,40,24,,2,
13251,2/23/2021,113,66,32,5,1
12976,2/23/2021,59,51,13,2,4
13250,2/23/2021,40,13,6,29,78
5507,2/23/2021,16,12,,,
11778,2/23/2021,5,3,32,5,24.8
12958,2/23/2021,61,42,3,1,3
12957,2/23/2021,60,39,1,4,1
13015,2/23/2021,116,78,42,32,
13018,2/23/2021,82,45,39,4,
13019,2/23/2021,83,54,21,4,
13026,2/23/2021,59,1,17,4,1
1584,2/23/2021,,,1,6,6
1585,2/23/2021,,,1,1,4
13017,2/23/2021,118,83,13,15,
13020,2/23/2021,82,51,12,4,
13013,2/23/2021,117,78,11,9,
13014,2/23/2021,87,57,,5,
13252,2/23/2021,98,86,,,
8767,2/24/2021,87,,,,
8688,2/24/2021,,,,,
8641,2/24/2021,119,,1,0.1,3.6
13012,2/24/2021,52,38,12,4,2
12488,2/24/2021,26,50,,3,
13251,2/24/2021,100,71,30,10,1
12976,2/24/2021,50,47,11,2,4
13250,2/24/2021,81,30,6,30,23
5507,2/24/2021,16,9,,,
11778,2/24/2021,2,2,3,4,25
12958,2/24/2021,57,42,4,1,4
12957,2/24/2021,50,35,1,4,1
13015,2/24/2021,92,52,37,30,
13018,2/24/2021,82,47,39,3,
13019,2/24/2021,75,52,21,4,
13026,2/23/2021,95,1,27,9,1
1584,2/24/2021,,,1,2,7
1585,2/24/2021,,,1,1,4
13017,2/24/2021,102,60,10,6,
13020,2/24/2021,86,52,9,4,
13013,2/24/2021,113,63,23,4,
13014,2/24/2021,94,55,,5,
13252,2/24/2021,113,122,,,
8767,2/27/2021,104,,,,
8688,2/27/2021,,,,,
8641,2/27/2021,93,,1.4,0.2,3.6
13012,2/27/2021,97,57,21,6,2
12488,2/27/2021,48,59,,2,
13251,2/26/2021,1,1,50,12,1
12976,2/27/2021,44,27,14,3,3
13250,2/27/2021,31,7,,43,100
5507,2/27/2021,26,14,,,
11778,2/27/2021,3,2,12,6,4
12958,2/27/2021,70,52,4,3,4
12957,2/27/2021,60,40,5,4,2
13015,2/27/2021,79,48,29,12,
13018,2/27/2021,88,51,40,5,
13019,2/27/2021,65,47,20,7,
13026,2/25/2021,1,54,59,2,1
1584,2/27/2021,,,1,4,6
1585,2/27/2021,,,1,1,4
13017,2/27/2021,97,62,9,10,
13020,2/27/2021,74,49,10,6,
13013,2/27/2021,112,59,16,5,
13014,2/27/2021,72,48,,6,
13252,2/27/2021,90,198,,,
8767,3/2/2021,61,,,,
8688,3/2/2021,,,,,
8641,3/2/2021,59,,7.4,0.1,3.6
13012,3/2/2021,15,14,5,2,2
12488,3/2/2021,24,16,,2,
13251,2/26/2021,1,1,50,12,1
12976,3/2/2021,54,32,8,3,7
13250,3/2/2021,15,4,2,33,53
5507,3/2/2021,19,11,,,
11778,3/2/2021,6,6,12,6,14
12958,3/2/2021,26,20,3,3,4
12957,3/2/2021,28,23,4,4,3
13015,3/2/2021,63,50,19,20,
13018,3/2/2021,40,28,11,4,
13019,3/2/2021,39,36,20,6,
13026,2/25/2021,1,54,59,2,1
1584,3/2/2021,,,1,3,7
1585,3/2/2021,,,1,1,4
13017,3/2/2021,62,56,16,10,
13020,3/2/2021,42,35,12,7,
13013,3/2/2021,68,57,11,8,
13014,3/2/2021,44,32,,6,
13252,3/2/2021,48,80,,,
8767,3/3/2021,65,,,,
8688,3/3/2021,,,,,
8641,3/3/2021,153,,7.8,0.2,3.6
13012,3/3/2021,28,24,6,3,2
12488,3/3/2021,26,20,,3,
13251,2/26/2021,1,1,50,12,1
12976,3/3/2021,54,32,20,6,6
13250,3/3/2021,21,2,4,32,127
5507,3/3/2021,21,11,,,
11778,3/3/2021,2,2,11,8,4
12958,3/3/2021,26,20,1,5,4
12957,3/3/2021,75,45,10,4,2
13015,3/3/2021,121,87,22,27,
13018,3/3/2021,83,56,10,6,
13019,3/3/2021,106,65,29,13,
13026,3/3/2021,112,80,13,7,1
1584,3/3/2021,,,1,9,7
1585,3/3/2021,,,2,2,4
13017,3/3/2021,122,87,18,10,
13020,3/3/2021,82,55,18,9,
13013,3/3/2021,123,89,23,15,
13014,3/3/2021,82,54,,9,
13252,3/3/2021,109,115,,,
8767,3/5/2021,50,,,,
8688,3/5/2021,,,,,
8641,3/5/2021,122,,7.8,0.2,3.6
13012,3/5/2021,26,21,5,2,2
12488,3/5/2021,51,72,,7,
13251,2/26/2021,1,1,50,12,1
12976,3/5/2021,54,32,10,5,4
13250,3/5/2021,40,8,2,34,23
5507,3/5/2021,18,10,,,
11778,3/5/2021,6,4,22,6,23
12958,3/5/2021,26,20,2,4,4
12957,3/5/2021,38,25,12,4,1
13015,3/5/2021,118,85,25,22,
13018,3/5/2021,84,58,13,8,
13019,3/5/2021,100,61,22,9,
13026,3/5/2021,86,69,19,10,1
1584,3/3/2021,,,1,9,7
1585,3/5/2021,,,1,1,4
13017,3/5/2021,111,80,19,15,
13020,3/5/2021,86,73,18,9,
13013,3/5/2021,115,76,18,12,
13014,3/5/2021,96,58,,9,
13252,3/5/2021,47,109,,,
8767,3/8/2021,82,,,,
8688,3/8/2021,,,,,
8641,3/8/2021,139,,7.4,0.2,4.1
13012,3/8/2021,24,20,6,2,2
12488,3/8/2021,6,13,,4,
13251,2/26/2021,1,1,50,12,1
12976,3/8/2021,,,8,4,3
13250,3/8/2021,30,10,3,40,41
5507,3/8/2021,35,19,,,
11778,3/8/2021,31,21,17,6,6
12958,3/8/2021,26,20,2,3,4
12957,3/8/2021,73,44,12,4,2
13015,3/8/2021,116,76,24,30,
13018,3/8/2021,19,14,9,4,
13019,3/8/2021,97,59,20,7,
13026,3/8/2021,121,87,16,9,1
1584,3/3/2021,,,1,9,7
1585,3/8/2021,,,1,2,4
13017,3/8/2021,131,81,17,12,
13020,3/8/2021,52,37,8,5,
13013,3/8/2021,135,82,23,18,
13014,3/8/2021,122,66,,9,
13252,3/8/2021,6,9,,,3
8767,3/14/2021,78,,,,
8688,3/14/2021,,,,,
8641,3/14/2021,119,,7.8,0.1,3.6
13012,3/14/2021,58,44,5,2,3
12488,3/14/2021,35,45,,5,
13251,2/26/2021,1,1,50,12,1
12976,3/14/2021,,,8,3,5
13250,3/14/2021,47,7,3,34,99
5507,3/14/2021,35,21,,,
11778,3/14/2021,28,21,9,4,6
12958,3/12/2021,,,8,2,6
12957,3/14/2021,69,49,3,4,1
13015,3/14/2021,88,68,23,37,
13018,3/14/2021,65,45,10,5,
13019,3/14/2021,70,56,36,7,
13026,3/14/2021,82,57,21,3,1
1584,3/14/2021,,,11,4,15
1585,3/14/2021,,,2,2,4
13017,3/14/2021,91,71,20,12,
13020,3/14/2021,62,47,10,8,
13013,3/14/2021,86,68,20,14,
13014,3/14/2021,70,54,,6,
13252,3/14/2021,1,2,,,2
8767,3/16/2021,78,,,,
8688,3/16/2021,,,,,
8641,3/16/2021,80,,6.9,0.1,3.6
13012,3/16/2021,104,60,15,5,2
12488,3/16/2021,32,30,,6,
13251,2/26/2021,1,1,50,12,1
12976,3/16/2021,,,8,3,5
13250,3/15/2021,29,7,6,32,40
5507,3/16/2021,24,13,,,
11778,3/16/2021,22,15,7,4,4
12958,3/12/2021,,,8,2,6
12957,3/16/2021,55,39,8,4,1
13015,3/16/2021,57,52,29,27,
13018,3/16/2021,52,37,5,3,
13019,3/16/2021,91,57,24,8,
13026,3/16/2021,66,56,15,5,1
1584,3/16/2021,,,11,2,19
1585,3/16/2021,,,1,2,4
13017,3/16/2021,97,67,12,6,
13020,3/16/2021,40,31,4,2,
13013,3/16/2021,105,73,14,10,
13014,3/16/2021,91,59,,7,
13252,3/16/2021,87,150,,,4
8767,3/24/2021,59,,,,
8688,3/24/2021,160,,,,
8641,3/24/2021,190,,9.2,0.1,9.2
13012,3/24/2021,11,14,7,3,2
12488,3/24/2021,10,8,,11,
13251,2/26/2021,1,1,50,12,1
12976,3/21/2021,57,36,6,3,5
13250,3/24/2021,103,23,2,32,45
5507,3/24/2021,24,14,,,
11778,3/22/2021,45,50,4,98,10
12958,3/24/2021,85,66,9,3,10
12957,3/24/2021,132,89,16,4,23
13015,3/24/2021,133,94,25,18,
13018,3/24/2021,71,51,8,4,
13019,3/24/2021,91,62,20,11,
13026,3/24/2021,10,8,25,10,1
1584,3/24/2021,47,32,11,3,21
1585,3/24/2021,,,8,5,4
13017,3/24/2021,111,81,15,7,
13020,3/24/2021,64,46,8,4,
13013,3/24/2021,127,90,17,11,
13014,3/24/2021,91,58,,10,
13252,3/24/2021,157,145,,,20
8767,3/29/2021,57,,,,
8688,3/29/2021,164,,,,
8641,3/29/2021,155,,6.9,0.1,4.1
13012,3/29/2021,108,68,12,5,3
12488,3/29/2021,10,8,,7,
13251,2/26/2021,1,1,50,12,1
12976,3/27/2021,50,38,8,3,6
13250,3/29/2021,154,59,1,34,46
5507,3/29/2021,,,,,
11778,3/22/2021,45,50,4,98,10
12958,3/27/2021,25,20,29,4,4
12957,3/26/2021,25,17,8,4,1
13015,3/26/2021,133,95,44,28,
13018,3/28/2021,72,53,10,1,
13019,3/29/2021,96,58,24,3,
13026,3/28/2021,46,53,41,1,1
1584,3/29/2021,113,62,10,7,20
1585,3/29/2021,,,6,6,4
13017,3/25/2021,153,99,28,15,
13020,3/28/2021,66,55,4,2,
13013,3/28/2021,28,25,19,8,
13014,3/26/2021,108,69,,5,
13252,3/29/2021,100,112,9,,3
8767,3/31/2021,114,,,,
8688,3/31/2021,154,,,,
8641,3/31/2021,158,,8.3,0.2,4.1
13012,3/31/2021,106,62,11,4,1
12488,3/31/2021,,,,7,
13251,2/26/2021,1,1,50,12,1
12976,3/31/2021,115,74,10,4,6
13250,3/31/2021,51,7,3,38,31
5507,3/31/2021,,,,,
11778,3/22/2021,45,50,4,98,10
12958,3/31/2021,39,35,12,2,4
12957,3/31/2021,110,61,5,5,1
13015,3/30/2021,138,98,48,56,
13018,3/30/2021,98,63,15,10,
13019,3/30/2021,123,79,37,22,
13026,3/30/2021,128,85,60,11,2
1584,3/31/2021,69,44,11,3,20
1585,3/31/2021,,,5,3,4
13017,3/30/2021,137,97,25,15,
13020,3/30/2021,91,60,15,8,
13013,3/30/2021,139,98,31,20,
13014,3/30/2021,103,63,,15,
13252,3/31/2021,167,151,12,,2
8767,4/1/2021,95,,,,
8688,4/1/2021,90,,,,
8641,4/1/2021,107,,7.4,0.2,4.1
13012,4/1/2021,122,74,30,10,1
12488,4/1/2021,,,,11,
13251,2/26/2021,1,1,50,12,1
12976,4/1/2021,94,73,6,3,6
13250,4/1/2021,146,43,4,34,53
5507,4/1/2021,,,,,
11778,3/22/2021,45,50,4,98,10
12958,4/1/2021,27,25,10,2,3
12957,4/1/2021,60,43,5,5,1
13015,4/1/2021,46,44,22,12,
13018,4/1/2021,71,57,9,3,
13019,4/1/2021,91,62,24,11,
13026,4/1/2021,76,70,28,8,1
1584,4/1/2021,58,37,11,6,21
1585,4/1/2021,,,2,2,4
13017,4/1/2021,98,71,15,8,
13020,4/1/2021,44,38,6,2,
13013,4/1/2021,94,71,16,9,
13014,4/1/2021,88,61,,11,
13252,4/1/2021,190,169,16,,1
8767,4/5/2021,82,,,,
8688,4/5/2021,176,,,,
8641,4/5/2021,168,,8.3,0.2,4.6
13012,4/5/2021,44,37,5,2,11
12488,4/5/2021,,,,6,
13251,2/26/2021,1,1,50,12,1
12976,4/4/2021,114,63,6,5,6
13250,4/5/2021,170,83,3,31,58
5507,4/5/2021,,,,,
11778,3/22/2021,45,50,4,98,10
12958,4/5/2021,62,46,19,5,4
12957,4/5/2021,130,73,15,5,3
13015,4/5/2021,131,94,38,34,
13018,4/5/2021,109,64,10,6,
13019,4/5/2021,123,77,31,17,
13026,4/5/2021,127,91,37,7,1
1584,4/5/2021,35,22,11,7,22
1585,4/5/2021,,,4,3,4
13017,4/5/2021,132,94,18,11,
13020,4/5/2021,92,59,9,5,
13013,4/5/2021,128,93,22,18,
13014,4/5/2021,120,73,,13,
13252,4/5/2021,83,110,3,,2
8767,4/6/2021,72,,,,
8688,4/6/2021,142,,,,
8641,4/6/2021,87,,8.7,0.2,4.1
13012,4/6/2021,42,34,4,2,11
12488,4/6/2021,,,,9,
13251,2/26/2021,0,0,0,0,0
12976,4/4/2021,114,63,6,5,6
13250,4/6/2021,161,76,1,32,55
5507,4/6/2021,,,,,
11778,3/22/2021,45,50,4,98,10
12958,4/6/2021,43,49,35,4,5
12957,4/6/2021,51,39,5,4,2
13015,4/6/2021,101,75,23,31,
13018,4/6/2021,71,53,10,6,
13019,4/6/2021,78,55,33,11,
13026,4/6/2021,86,56,22,4,1
1584,4/6/2021,50,33,10,5,20
1585,4/6/2021,,,3,3,4
13017,4/6/2021,99,75,16,10,
13020,4/6/2021,69,49,9,5,
13013,4/6/2021,102,76,19,16,
13014,4/6/2021,70,50,,8,
13252,4/6/2021,114,128,11,,2
8767,4/11/2021,82,,,,
8688,4/11/2021,153,,,,
8641,4/11/2021,157,,6.9,0.1,5.6
13012,4/7/2021,49,37,3,2,11
12488,4/11/2021,,,,4,
13251,2/26/2021,1,1,50,12,1
12976,4/4/2021,114,63,6,5,6
13250,4/11/2021,92,45,2,34,54
5507,4/11/2021,,,,,
11778,3/22/2021,45,50,4,98,10
12958,4/11/2021,40,31,9,4,3
12957,4/11/2021,84,55,16,6,4
13015,4/10/2021,84,64,45,40,
13018,4/10/2021,22,15,15,7,
13019,4/10/2021,154,85,24,17,
13026,4/10/2021,104,81,54,12,2
1584,4/11/2021,41,22,11,1,20
1585,4/11/2021,,,3,2,4
13017,4/10/2021,147,96,25,24,
13020,4/10/2021,88,57,13,8,
13013,4/10/2021,164,111,31,21,
13014,4/10/2021,130,75,,15,
13252,4/11/2021,37,27,1,,2
8767,4/15/2021,89,,,,
8688,4/14/2021,62,,,,
8641,4/15/2021,78,,7.8,0.3,4.1
13012,4/7/2021,49,37,3,2,11
12488,4/15/2021,,,,7,
13251,2/26/2021,1,1,50,12,1
12976,4/15/2021,50,46,9,4,7
13250,4/15/2021,255,285,1,34,57
5507,4/15/2021,,,,,
11778,3/22/2021,45,50,4,98,10
12958,4/15/2021,79,83,5,2,3
12957,4/15/2021,22,26,5,4,2
13015,4/15/2021,52,50,23,12,
13018,4/15/2021,31,27,6,2,
13019,4/15/2021,41,35,23,8,
13026,4/12/2021,1,1,27,6,1
1584,4/15/2021,30,19,11,3,22
1585,4/15/2021,,,6,5,4
13017,4/15/2021,15,14,12,8,
13020,4/15/2021,12,10,6,2,
13013,4/15/2021,60,53,13,8,
13014,4/15/2021,48,37,,5,
13252,4/15/2021,106,169,1,,2
8767,4/16/2021,80,,,,
8688,4/14/2021,62,,,,
8641,4/16/2021,102,,7.4,0.1,4.1
13012,4/16/2021,60,43,10,4,11
12488,4/16/2021,,,,7,
13251,2/26/2021,1,1,50,12,1
12976,4/16/2021,28,31,9,2,8
13250,4/16/2021,243,252,2,33,52
5507,4/16/2021,,,,,
11778,3/22/2021,45,50,4,98,10
12958,4/16/2021,43,51,4,1,4
12957,4/16/2021,18,16,1,4,3
13015,4/16/2021,62,59,23,20,
13018,4/16/2021,22,16,5,3,
13019,4/16/2021,36,31,21,6,
13026,4/12/2021,1,1,27,6,1
1584,4/16/2021,46,29,11,2,21
1585,4/16/2021,,,1,1,4
13017,4/16/2021,40,38,12,5,
13020,4/16/2021,26,16,4,2,
13013,4/16/2021,61,59,20,13,
13014,4/16/2021,45,35,,7,
13252,4/16/2021,115,129,,,2
8767,4/18/2021,65,,,,
8688,4/18/2021,121,,,,
8641,4/18/2021,153,,7.4,0.2,5.1
13012,4/18/2021,116,64,20,7,11
12488,4/18/2021,,,,7,
13251,2/26/2021,1,1,50,12,1
12976,4/18/2021,83,54,7,6,9
13250,4/18/2021,12,3,2,37,60
5507,4/18/2021,,,,,
11778,3/22/2021,45,50,4,98,10
12958,4/18/2021,128,72,8,4,4
12957,4/18/2021,75,58,20,6,9
13015,4/18/2021,122,86,26,19,
13018,4/18/2021,64,49,9,4,
13019,4/18/2021,124,74,39,19,
13026,4/12/2021,1,1,27,6,1
1584,4/18/2021,32,20,11,9,22
1585,4/18/2021,,,1,1,4
13017,4/18/2021,121,83,18,12,
13020,4/18/2021,65,52,6,3,
13013,4/18/2021,128,84,19,9,
13014,4/18/2021,117,81,,14,
13252,4/18/2021,41,74,,,2
8767,4/23/2021,50,,,,
8688,4/23/2021,54,,,,
8641,4/23/2021,87,,6.9,0.1,4.1
13012,4/23/2021,28,23,9,3,11
12488,4/23/2021,,,,5,
13251,2/26/2021,1,1,50,12,1
12976,4/23/2021,43,42,11,3,7
13250,4/23/2021,157,115,2,33,61
5507,4/23/2021,,,,,
11778,3/22/2021,45,50,4,98,10
12958,4/22/2021,54,56,6,2,8
12957,4/23/2021,28,26,2,5,1
13015,4/23/2021,48,47,30,21,
13018,4/23/2021,22,17,5,2,
13019,4/23/2021,38,32,20,5,
13026,4/12/2021,1,1,27,6,1
1584,4/23/2021,51,33,11,3,22
1585,4/23/2021,,,4,1,4
13017,4/23/2021,46,45,15,6,
13020,4/23/2021,18,13,4,2,
13013,4/23/2021,37,37,18,10,
13014,4/23/2021,49,37,,5,
13252,4/23/2021,86,102,1,,5
8767,4/27/2021,70,,,,
8688,4/27/2021,74,,,,
8641,4/27/2021,85,,7.4,0.1,5.6
13012,4/27/2021,30,24,7,3,11
12488,4/27/2021,,,,9,
13251,2/26/2021,1,1,50,12,1
12976,4/27/2021,76,140,13,5,8
13250,4/27/2021,29,1,1,35,66
5507,4/27/2021,,,,,
11778,3/22/2021,45,50,4,98,10
12958,4/27/2021,20,18,3,3,2
12957,4/27/2021,18,19,4,30,8
13015,4/27/2021,59,53,39,36,
13018,4/27/2021,16,11,10,3,
13019,4/27/2021,28,21,26,9,
13026,4/12/2021,1,1,27,6,1
1584,4/27/2021,32,21,11,2,22
1585,4/27/2021,,,2,1,4
13017,4/27/2021,51,51,13,8,
13020,4/27/2021,18,13,8,3,
13013,4/27/2021,63,57,21,15,
13014,4/27/2021,43,29,,9,
13252,4/27/2021,51,52,1,,7
8767,4/29/2021,74,,,,
8688,4/29/2021,34,,,,
8641,4/29/2021,74,,7.8,0.1,5.1
13012,4/29/2021,19,16,3,1,11
12488,4/29/2021,,,,5,
13251,2/26/2021,1,1,50,12,1
12976,4/29/2021,53,52,9,2,18
13250,4/29/2021,29,1,1,37,64
5507,4/29/2021,,,,,
11778,3/22/2021,45,50,4,98,10
12958,4/29/2021,27,25,2,2,2
12957,4/29/2021,35,33,2,3,2
13015,4/27/2021,91,65,37,29,
13018,4/27/2021,36,23,6,4,
13019,4/27/2021,60,45,28,13,
13026,4/12/2021,1,1,27,6,1
1584,4/29/2021,42,34,11,3,28
1585,4/29/2021,,,2,1,4
13017,4/27/2021,41,37,18,17,
13020,4/27/2021,32,27,7,3,
13013,4/27/2021,74,63,19,12,
13014,4/29/2021,30,21,,5,
13252,4/29/2021,60,107,1,,6
8767,4/27/2021,78,,,,
8688,5/2/2021,131,,,,
8641,5/2/2021,76,,8.7,0.2,4.6
13012,4/29/2021,19,17,3,1,11
12488,4/29/2021,,,,5,
13251,2/26/2021,1,1,50,12,1
12976,4/29/2021,91,108,11,3,7
13250,4/29/2021,29,1,2,44,66
5507,4/29/2021,,,,,
11778,3/22/2021,45,50,4,98,10
12958,4/29/2021,30,28,3,2,2
12957,4/29/2021,44,38,5,3,2
13015,4/27/2021,91,65,37,29,
13018,4/27/2021,36,23,6,4,
13019,4/27/2021,60,45,28,13,
13026,4/12/2021,1,1,27,6,1
1584,4/29/2021,40,34,11,3,24
1585,4/29/2021,,,1,1,5
13017,4/27/2021,41,37,18,17,
13020,4/27/2021,32,27,7,3,
13013,4/27/2021,74,63,19,12,
13014,4/29/2021,27,19,,5,
13252,4/29/2021,57,107,1,,2
8767,5/5/2021,91,,,,
8688,5/5/2021,33,,,,
8641,5/5/2021,74,,8.7,0.2,4.6
13012,5/5/2021,25,17,4,2,12
12488,5/5/2021,,,,8,
13251,2/26/2021,1,1,50,12,1
12976,5/5/2021,153,85,12,3,12
13250,5/5/2021,,1,3,34,53
5507,4/29/2021,,,,,
11778,3/22/2021,45,50,4,98,10
12958,5/5/2021,48,51,4,1,2
12957,5/5/2021,49,39,6,4,1
13015,4/27/2021,91,65,37,29,
13018,4/27/2021,36,23,6,4,
13019,4/27/2021,60,45,28,13,
13026,4/12/2021,1,1,27,6,1
1584,5/4/2021,58,33,11,1,24
1585,5/5/2021,,,7,7,5
13017,4/27/2021,41,37,18,17,
13020,4/27/2021,32,27,7,3,
13013,4/27/2021,74,63,19,12,
13014,5/4/2021,41,29,,5,
13252,5/5/2021,40,37,1,,2
8767,5/10/2021,55,,,,
8688,5/10/2021,53,,,,
8641,5/10/2021,112,,6.4,0.1,4.1
13012,5/10/2021,40,31,7,3,12
12488,5/10/2021,,,,7,
13251,2/26/2021,1,1,50,12,1
12976,5/10/2021,76,68,7,1,7
13250,5/10/2021,,1,1,34,55
5507,4/29/2021,,,,,
11778,3/22/2021,45,50,4,98,10
12958,5/10/2021,39,39,13,1,1
12957,5/10/2021,37,34,2,6,1
13015,4/27/2021,91,65,37,29,
13018,4/27/2021,36,23,6,4,
13019,4/27/2021,60,45,28,13,
13026,4/12/2021,1,1,27,6,1
1584,5/5/2021,58,33,10,1,23
1585,5/10/2021,,,1,1,5
13017,4/27/2021,41,37,18,17,
13020,4/27/2021,32,27,7,3,
13013,4/27/2021,74,63,19,12,
13014,5/5/2021,18,12,,5,
13252,5/10/2021,87,113,1,,2
8767,5/11/2021,70,,,,
8688,5/11/2021,58,,,,
8641,5/11/2021,117,,7.4,0.1,3.6
13012,5/11/2021,52,37,6,3,12
12488,5/11/2021,,,,6,
13251,2/26/2021,0,0,0,0,0
12976,5/11/2021,50,39,5,1,7
13250,5/10/2021,,1,1,34,55
5507,4/29/2021,,,,,
11778,3/22/2021,45,50,4,98,10
12958,5/11/2021,41,39,5,1,1
12957,5/11/2021,56,40,2,7,1
13015,4/27/2021,91,65,37,29,
13018,4/27/2021,36,23,6,4,
13019,4/27/2021,60,45,28,13,
13026,4/12/2021,1,1,27,6,1
1584,5/5/2021,58,33,10,1,23
1585,5/11/2021,,,1,1,5
13017,4/27/2021,41,37,18,17,
13020,4/27/2021,32,27,7,3,
13013,4/27/2021,74,63,19,12,
13014,5/5/2021,18,12,,5,
13252,5/11/2021,73,73,1,,2
8767,5/13/2021,57,,,,
8688,5/11/2021,14,,,,
8641,5/13/2021,61,,7.4,0.2,4.6
13012,5/13/2021,33,30,5,2,12
12488,5/13/2021,,,,7,
13251,2/26/2021,0,0,0,0,0
12976,5/13/2021,70,63,12,2,7
13250,5/13/2021,21,1,2,34,53
5507,4/29/2021,,,,,
11778,3/22/2021,45,50,4,98,10
12958,5/13/2021,50,59,15,2,1
12957,5/13/2021,30,26,6,6,1
13015,4/27/2021,91,65,37,29,
13018,4/27/2021,36,23,6,4,
13019,4/27/2021,60,45,28,13,
13026,4/12/2021,1,1,27,6,1
1584,5/5/2021,58,33,10,1,23
1585,5/13/2021,,,1,1,5
13017,4/27/2021,41,37,18,17,
13020,4/27/2021,32,27,7,3,
13013,4/27/2021,74,63,19,12,
13014,5/5/2021,18,12,,5,
13252,5/13/2021,75,103,1,,2
8767,5/15/2021,38,,,,
8688,5/14/2021,89,,,,
8641,5/15/2021,97,,6,0.1,4.1
13012,5/15/2021,11,13,5,2,12
12488,5/15/2021,,,,5,
13251,2/26/2021,0,0,0,0,0
12976,5/15/2021,44,49,5,1,7
13250,5/15/2021,21,1,1,32,53
5507,4/29/2021,,,,,
11778,3/22/2021,45,50,4,98,10
12958,5/15/2021,23,25,6,1,4
12957,5/15/2021,23,23,2,7,1
13015,4/27/2021,91,65,37,29,
13018,4/27/2021,36,23,6,4,
13019,4/27/2021,60,45,28,13,
13026,4/12/2021,1,1,27,6,1
1584,5/5/2021,58,33,10,1,23
1585,5/15/2021,,,1,1,5
13017,4/27/2021,41,37,18,17,
13020,4/27/2021,32,27,7,3,
13013,4/27/2021,74,63,19,12,
13014,5/5/2021,18,12,,5,
13252,5/15/2021,76,84,1,,2
8767,5/18/2021,61,,,,
8688,5/18/2021,45,,,,
8641,5/18/2021,53,,6.4,0.1,4.6
13012,5/18/2021,20,20,6,2,13
12488,5/18/2021,,,,7,
13251,2/26/2021,0,0,0,0,0
12976,5/18/2021,19,18,5,2,7
13250,5/18/2021,2,1,2,47,52
5507,4/29/2021,,,,,
11778,3/22/2021,45,50,4,98,10
12958,5/18/2021,23,24,7,1,7
12957,5/18/2021,24,23,1,7,2
13015,4/27/2021,91,65,37,29,
13018,4/27/2021,36,23,6,4,
13019,4/27/2021,60,45,28,13,
13026,4/12/2021,1,1,27,6,1
1584,5/5/2021,58,33,10,1,23
1585,5/18/2021,,,5,3,5
13017,4/27/2021,41,37,18,17,
13020,4/27/2021,32,27,7,3,
13013,4/27/2021,74,63,19,12,
13014,5/5/2021,18,12,,5,
13252,5/18/2021,105,91,1,,2
8767,5/19/2021,85,,,,
8688,5/19/2021,55,,,,
8641,5/19/2021,93,,6.4,0.1,4.1
13012,5/19/2021,11,12,8,2,12
12488,5/19/2021,,,,3,
13251,2/26/2021,0,0,0,0,0
12976,5/19/2021,50,55,5,2,7
13250,5/13/2021,2,1,1,35,55
5507,4/29/2021,,,,,
11778,5/19/2021,5,5,3,2,1
12958,5/19/2021,46,50,5,1,18
12957,5/13/2021,51,40,1,6,2
13015,4/27/2021,91,65,37,29,
13018,4/27/2021,36,23,6,4,
13019,4/27/2021,60,45,28,13,
13026,4/12/2021,1,1,27,6,1
1584,5/5/2021,58,33,10,1,23
1585,5/19/2021,,,1,1,5
13017,4/27/2021,41,37,18,17,
13020,4/27/2021,32,27,7,3,
13013,4/27/2021,74,63,19,12,
13014,5/5/2021,18,12,,5,
13252,5/19/2021,100,142,1,,2
8767,5/20/2021,53,,,,
8688,5/20/2021,57,,,,
8641,5/20/2021,85,,7.4,0.1,4.1
13012,5/20/2021,15,14,8,2,12
12488,5/20/2021,,,,4,
13251,2/26/2021,0,0,0,0,0
12976,5/20/2021,53,57,9,2,7
13250,5/20/2021,2,1,6,34,53
5507,4/29/2021,,,,,
11778,5/20/2021,7,6,3,3,1
12958,5/20/2021,60,57,5,1,10
12957,5/20/2021,56,44,2,7,1
13015,4/27/2021,91,65,37,29,
13018,4/27/2021,36,23,6,4,
13019,4/27/2021,60,45,28,13,
13026,4/12/2021,1,1,27,6,1
1584,5/5/2021,58,33,10,1,23
1585,5/20/2021,,,4,2,5
13017,4/27/2021,41,37,18,17,
13020,4/27/2021,32,27,7,3,
13013,4/27/2021,74,63,19,12,
13014,5/5/2021,18,12,,5,
13252,5/20/2021,75,83,1,,1
8767,5/21/2021,57,,,,
8688,5/21/2021,48,,,,
8641,5/21/2021,102,,6.4,0.1,4.6
13012,5/21/2021,36,31,14,4,12
12488,5/21/2021,,,,3,
13251,2/26/2021,1,1,50,12,1
12976,5/20/2021,63,69,13,3,7
13250,5/21/2021,2,1,2,34,52
5507,4/29/2021,,99.5,,,
11778,5/21/2021,6,6,3,4,1
12958,5/20/2021,74,69,12,2,20
12957,5/20/2021,66,51,1,6,2
13015,4/27/2021,91,65,37,29,
13018,4/27/2021,36,23,6,4,
13019,4/27/2021,60,45,28,13,
13026,4/12/2021,1,1,27,6,1
1584,5/21/2021,25,21,11,1,25
1585,5/21/2021,,,5,2,5
13017,4/27/2021,41,37,18,17,
13020,4/27/2021,32,27,7,3,
13013,4/27/2021,74,63,19,12,
13014,5/5/2021,18,12,,5,
13252,5/21/2021,79,97,1,,1
8767,5/24/2021,57,,,,
8688,5/24/2021,57,,,,
8641,5/24/2021,78,,6.9,0.1,4.6
13012,5/24/2021,22,27,10,3,13
12488,5/24/2021,,,,10,
13251,2/26/2021,1,1,50,12,1
12976,5/24/2021,95,57,8,5,7
13250,5/24/2021,27,26,2,45,52
5507,4/29/2021,,99.5,,,
11778,5/24/2021,7,9,8,7,1
12958,5/24/2021,29,38,2,2,1
12957,5/24/2021,43,33,2,7,3
13015,4/27/2021,91,65,37,29,
13018,4/27/2021,36,23,6,4,
13019,4/27/2021,60,45,28,13,
13026,4/12/2021,1,1,27,6,1
1584,5/24/2021,49,31,10,6,25
1585,5/24/2021,,,3,1,5
13017,4/27/2021,41,37,18,17,
13020,4/27/2021,32,27,7,3,
13013,4/27/2021,74,63,19,12,
13014,5/5/2021,18,12,,5,
13252,5/24/2021,56,69,1,,1
8767,5/26/2021,46,,,,
8688,5/26/2021,90,,,,
8641,5/26/2021,159,,7.4,0.2,5.1
13012,5/26/2021,17,17,8,3,14
12488,5/26/2021,,,,5,
13251,2/26/2021,1,1,50,12,1
12976,5/26/2021,68,46,5,5,8
13250,5/26/2021,27,1,3,40,56
5507,4/29/2021,,99.5,,,
11778,5/26/2021,2,3,5,10,7
12958,5/26/2021,66,55,19,4,1
12957,5/26/2021,79,51,4,5,2
13015,4/27/2021,91,65,37,29,
13018,4/27/2021,36,23,6,4,
13019,4/27/2021,60,45,28,13,
13026,4/12/2021,1,1,27,6,1
1584,5/26/2021,43,31,11,7,26
1585,5/26/2021,,,8,8,5
13017,4/27/2021,41,37,18,17,
13020,4/27/2021,32,27,7,3,
13013,4/27/2021,74,63,19,12,
13014,5/5/2021,18,12,,5,
13252,5/26/2021,88,89,1,,1
8767,5/28/2021,63,,,,
8688,5/28/2021,72,,,,
8641,5/28/2021,97,,6.9,0.2,5.1
13012,5/28/2021,19,15,10,4,14
12488,5/28/2021,,,,5,
13251,2/26/2021,1,1,50,12,1
12976,5/28/2021,59,43,7,3,8
13250,5/28/2021,27,1,1,42,84
5507,4/29/2021,,99.5,,,
11778,5/28/2021,2,3,4,13,1
12958,5/28/2021,39,52,9,2,1
12957,5/28/2021,46,37,6,7,2
13015,4/27/2021,91,65,37,29,
13018,4/27/2021,36,23,6,4,
13019,4/27/2021,60,45,28,13,
13026,4/12/2021,1,1,27,6,1
1584,5/28/2021,56,37,10,5,27
1585,5/28/2021,,,7,6,5
13017,4/27/2021,41,37,18,17,
13020,4/27/2021,32,27,7,3,
13013,4/27/2021,74,63,19,12,
13014,5/5/2021,18,12,,5,
13252,5/28/2021,70,65,1,,1
8767,5/30/2021,53,,,,
8688,5/30/2021,54,,,,
8641,5/30/2021,102,,6.9,0.1,4.6
13012,5/30/2021,20,18,4,1,12
12488,5/30/2021,,,,3,
13251,2/26/2021,1,1,50,12,1
12976,5/30/2021,40,37,6,1,11
13250,5/30/2021,27,1,2,37,53
5507,4/29/2021,,99.5,,,
11778,5/30/2021,8,10,25,11,2
12958,5/30/2021,58,58,7,1,9
12957,5/30/2021,65,53,2,7,3
13015,4/27/2021,91,65,37,29,
13018,4/27/2021,36,23,6,4,
13019,4/27/2021,60,45,28,13,
13026,4/12/2021,1,1,27,6,1
1584,5/30/2021,45,33,11,1,24
1585,5/30/2021,,,1,1,5
13017,4/27/2021,41,37,18,17,
13020,4/27/2021,32,27,7,3,
13013,4/27/2021,74,63,19,12,
13014,5/5/2021,18,12,,5,
13252,5/30/2021,65,71,1,,1
8767,6/12/2021,46,,,,
8688,6/12/2021,65,,,,
8641,6/12/2021,65,,7.4,0.1,5.1
13012,6/12/2021,6,5,3,1,14
12488,6/12/2021,,,,11,
13251,2/26/2021,1,1,50,12,1
12976,6/12/2021,52,39,7,1,8
13250,6/12/2021,99.5,191,1,43,52
5507,6/12/2021,,0.5,,,
11778,6/12/2021,12,16,2,12,5
12958,6/12/2021,47,40,5,1,8
12957,6/12/2021,57,42,2,6,1
13015,4/27/2021,91,65,37,29,
13018,4/27/2021,36,23,6,4,
13019,4/27/2021,60,45,28,13,
13026,4/12/2021,1,1,27,6,1
1584,6/12/2021,26,20,10,4,29
1585,6/12/2021,,,2,2,5
13017,4/27/2021,41,37,18,17,
13020,4/27/2021,32,27,7,3,
13013,4/27/2021,74,63,19,12,
13014,5/5/2021,18,12,,5,
13252,6/12/2021,52,61,,,2
8767,6/13/2021,68,,,,
8688,6/13/2021,61,,,,
8641,6/13/2021,21,,6.4,0.1,5.1
13012,6/13/2021,6,5,2,1,14
12488,6/13/2021,,,,8,
13251,2/26/2021,1,1,50,12,1
12976,6/13/2021,13,13,4,1,9
13250,6/13/2021,2.6,16,1,45,52
5507,6/13/2021,,3.8,,,
11778,6/13/2021,13,14,9,9,5
12958,6/13/2021,8,14,3,1,2
12957,6/13/2021,9,12,3,6,2
13015,4/27/2021,91,65,37,29,
13018,4/27/2021,36,23,6,4,
13019,4/27/2021,60,45,28,13,
13026,4/12/2021,1,1,27,6,1
1584,6/13/2021,,,11,9,28
1585,6/13/2021,,,8,7,5
13017,4/27/2021,41,37,18,17,
13020,4/27/2021,32,27,7,3,
13013,4/27/2021,74,63,19,12,
13014,5/5/2021,18,12,,5,
13252,6/13/2021,53,55,,,2
8767,6/14/2021,38,,,,
8688,6/14/2021,38,,,,
8641,6/14/2021,53,,7.4,0.1,5.6
13012,6/14/2021,14,14,3,2,13
12488,6/14/2021,,,,4,
13251,2/26/2021,1,1,50,12,1
12976,6/14/2021,18,22,6,1,9
13250,6/14/2021,0.5,16,1,39,52
5507,6/14/2021,,3.8,,,
11778,6/14/2021,18,20,2,12,3
12958,6/14/2021,22,48,4,1,7
12957,6/14/2021,13,13,1,6,2
13015,4/27/2021,91,65,37,29,
13018,4/27/2021,36,23,6,4,
13019,4/27/2021,60,45,28,13,
13026,4/12/2021,1,1,27,6,1
1584,6/14/2021,,,11,3,28
1585,6/14/2021,,,1,1,5
13017,4/27/2021,41,37,18,17,
13020,4/27/2021,32,27,7,3,
13013,4/27/2021,74,63,19,12,
13014,5/5/2021,18,12,,5,
13252,6/14/2021,41,53,,,2
8767,6/21/2021,42,,,,
8688,6/19/2021,38,,,,
8641,6/21/2021,59,,6.4,0.1,3.6
13012,6/21/2021,24,24,6,3,14
12488,6/21/2021,,,,5,
13251,2/26/2021,1,1,50,12,1
12976,6/21/2021,52,46,7,2,9
13250,6/21/2021,0.5,8,2,38,52
5507,6/21/2021,,,,,
11778,6/21/2021,38,52,12,26,32
12958,6/21/2021,79,73,14,2,1
12957,6/21/2021,94,65,6,7,2
13015,4/27/2021,91,65,37,29,
13018,4/27/2021,36,23,6,4,
13019,4/27/2021,60,45,28,13,
13026,4/12/2021,1,1,27,6,1
1584,6/21/2021,,,11,6,38
1585,6/15/2021,,,11,5,5
13017,4/27/2021,41,37,18,17,
13020,4/27/2021,32,27,7,3,
13013,4/27/2021,74,63,19,12,
13014,5/5/2021,18,12,,5,
13252,6/21/2021,135,122,1,,2
8767,6/22/2021,42,,,,
8688,6/22/2021,48,,,,
8641,6/22/2021,132,,6.4,0.1,3.6
13012,6/22/2021,24,22,9,4,14
12488,6/22/2021,,,,7,
13251,2/26/2021,1,1,50,12,1
12976,6/22/2021,65,55,7,3,9
13250,6/22/2021,8,8,2,55,52
5507,6/22/2021,,,,,
11778,6/22/2021,44,56,20,40,32
12958,6/22/2021,119,72,8,3,1
12957,6/22/2021,92,59,9,9,2
13015,4/27/2021,91,65,37,29,
13018,4/27/2021,36,23,6,4,
13019,4/27/2021,60,45,28,13,
13026,4/12/2021,1,1,27,6,1
1584,6/22/2021,,,11,4,42
1585,6/22/2021,,,8,7,5
13017,4/27/2021,41,37,18,17,
13020,4/27/2021,32,27,7,3,
13013,4/27/2021,74,63,19,12,
13014,5/5/2021,18,12,,5,
13252,6/22/2021,48,66,1,,2
8767,6/23/2021,46,,,,
8688,6/23/2021,70,,,,
8641,6/23/2021,68,,6.4,0.2,3.6
13012,6/23/2021,12,15,7,3,14
12488,6/23/2021,,,,7,
13251,2/26/2021,1,1,50,12,1
12976,6/23/2021,38,49,7,3,9
13250,6/23/2021,8,,2,36,52
5507,6/23/2021,,,,,
11778,6/23/2021,18,25,13,11,32
12958,6/23/2021,42,55,14,3,1
12957,6/23/2021,22,18,4,7,3
13015,4/27/2021,91,65,37,29,
13018,4/27/2021,36,23,6,4,
13019,4/27/2021,60,45,28,13,
13026,4/12/2021,1,1,27,6,1
1584,6/23/2021,,,11,8,37
1585,6/23/2021,,,14,7,5
13017,4/27/2021,41,37,18,17,
13020,4/27/2021,32,27,7,3,
13013,4/27/2021,74,63,19,12,
13014,5/5/2021,18,12,,5,
13252,6/23/2021,45,53,1,,2
8767,6/24/2021,55,,,,
8688,6/24/2021,78,,,,
8641,6/24/2021,82,,6.4,0.2,3.6
13012,6/24/2021,15,16,6,3,14
12488,6/24/2021,,,,6,
13251,2/26/2021,1,1,50,12,1
12976,6/24/2021,41,44,8,2,9
13250,6/24/2021,,,1,53,53
5507,6/24/2021,,,,,
11778,6/24/2021,42,52,21,21,32
12958,6/24/2021,63,74,22,2,1
12957,6/24/2021,53,47,6,6,3
13015,4/27/2021,91,65,37,29,
13018,4/27/2021,36,23,6,4,
13019,4/27/2021,60,45,28,13,
13026,4/12/2021,1,1,27,6,1
1584,6/24/2021,,,10,11,43
1585,6/24/2021,,,10,4,5
13017,4/27/2021,41,37,18,17,
13020,4/27/2021,32,27,7,3,
13013,4/27/2021,74,63,19,12,
13014,5/5/2021,18,12,,5,
13252,6/24/2021,25,21,1,,2
8767,6/26/2021,50,,,,
8688,6/26/2021,63,,,,
8641,6/26/2021,42,,5.1,0.1,4.1
13012,6/26/2021,20,18,6,2,13
12488,6/26/2021,,,,2,
13251,2/26/2021,1,1,50,12,1
12976,6/26/2021,25,31,15,4,9
13250,6/26/2021,,,1,36,52
5507,6/26/2021,,,,,
11778,6/26/2021,19,25,5,54,2
12958,6/26/2021,26,28,3,1,1
12957,6/26/2021,28,25,3,6,3
13015,4/27/2021,91,65,37,29,
13018,4/27/2021,36,23,6,4,
13019,4/27/2021,60,45,28,13,
13026,4/12/2021,1,1,27,6,1
1584,6/26/2021,22,19,11,1,27
1585,6/26/2021,,,3,1,5
13017,4/27/2021,41,37,18,17,
13020,4/27/2021,32,27,7,3,
13013,4/27/2021,74,63,19,12,
13014,5/5/2021,18,12,,5,
13252,6/26/2021,63,124,1,,2
8767,6/28/2021,55,,,,
8688,6/28/2021,37,,,,
8641,6/28/2021,38,,5.1,0.1,4.1
13012,6/28/2021,22,22,3,2,13
12488,6/28/2021,,,,2,
13251,2/26/2021,1,1,50,12,1
12976,6/28/2021,16,22,6,1,9
13250,6/28/2021,,,1,36,53
5507,6/28/2021,,,,,
11778,6/28/2021,19,33,5,11,2
12958,6/28/2021,29,36,4,1,3
12957,6/28/2021,25,30,2,6,3
13015,4/27/2021,91,65,37,29,
13018,4/27/2021,36,23,6,4,
13019,4/27/2021,60,45,28,13,
13026,4/12/2021,1,1,27,6,1
1584,6/28/2021,14,15,11,1,32
1585,6/27/2021,,,5,3,5
13017,4/27/2021,41,37,18,17,
13020,4/27/2021,32,27,7,3,
13013,4/27/2021,74,63,19,12,
13014,5/5/2021,18,12,,5,
13252,6/28/2021,75,89,1,,2
8767,6/29/2021,55,,,,
8688,6/29/2021,38,,,,
8641,6/29/2021,61,,5.1,0.2,4.1
13012,6/29/2021,18,19,8,3,14
12488,6/29/2021,,,,5,
13251,2/26/2021,1,1,50,12,1
12976,6/28/2021,67,53,12,5,9
13250,6/28/2021,,,2,36,53
5507,6/29/2021,,,,,
11778,6/29/2021,24,35,9,13,2
12958,6/29/2021,48,60,10,1,1
12957,6/29/2021,30,37,10,6,3
13015,4/27/2021,91,65,37,29,
13018,4/27/2021,36,23,6,4,
13019,4/27/2021,60,45,28,13,
13026,4/12/2021,1,1,27,6,1
1584,6/29/2021,26,32,11,10,41
1585,6/27/2021,,,5,3,5
13017,4/27/2021,41,37,18,17,
13020,4/27/2021,32,27,7,3,
13013,4/27/2021,74,63,19,12,
13014,5/5/2021,18,12,,5,
13252,6/29/2021,50,54,1,,2
8767,7/5/2021,30,,,,
8688,7/5/2021,36,,,,
8641,7/5/2021,53,,5.1,0.2,4.1
13012,7/5/2021,15,16,8,3,14
12488,7/5/2021,,,,3,
13251,2/26/2021,1,1,50,12,1
12976,6/28/2021,67,53,12,5,9
13250,7/5/2021,,,1,37,53
5507,7/5/2021,,,16,,
11778,7/5/2021,10,15,5,15,2
12958,7/5/2021,38,52,4,1,2
12957,7/5/2021,23,20,1,6,3
13015,4/27/2021,91,65,37,29,
13018,4/27/2021,36,23,6,4,
13019,4/27/2021,60,45,28,13,
13026,4/12/2021,1,1,27,6,1
1584,7/5/2021,33,26,11,5,28
1585,7/5/2021,,,3,2,5
13017,4/27/2021,41,37,18,17,
13020,4/27/2021,32,27,7,3,
13013,4/27/2021,74,63,19,12,
13014,5/5/2021,18,12,,5,
13252,7/5/2021,61,64,,,1
8767,7/6/2021,76,,,,
8688,7/6/2021,63,,,,
8641,7/6/2021,55,,5.1,0.2,4.6
13012,7/6/2021,12,14,6,2,15
12488,7/6/2021,,,,7,
13251,2/26/2021,1,1,50,12,1
12976,6/28/2021,67,53,12,5,9
13250,7/6/2021,,,1,59,53
5507,7/6/2021,,,13,,
11778,7/6/2021,24,37,8,1,2
12958,7/6/2021,59,66,14,2,5
12957,7/6/2021,59,51,10,7,3
13015,4/27/2021,91,65,37,29,
13018,4/27/2021,36,23,6,4,
13019,4/27/2021,60,45,28,13,
13026,4/12/2021,1,1,27,6,1
1584,7/6/2021,35,23,10,2,28
1585,7/6/2021,,,11,8,6
13017,4/27/2021,41,37,18,17,
13020,4/27/2021,32,27,7,3,
13013,4/27/2021,74,63,19,12,
13014,5/5/2021,18,12,,5,
13252,7/6/2021,90,98,,,1
8767,7/14/2021,76,,,,
8688,7/14/2021,40,,,,
8641,7/14/2021,65,,12.8,0.1,5.1
13012,7/14/2021,11,10,2,1,14
12488,7/14/2021,,,,3,
13251,7/14/2021,58,61,23,7,5
12976,6/28/2021,67,53,12,5,9
13250,7/14/2021,,,2,39,53
5507,7/14/2021,,,8,,
11778,7/12/2021,14,16,7,1,2
12958,7/14/2021,33,50,3,1,15
12957,7/14/2021,38,30,1,7,3
13015,4/27/2021,91,65,37,29,
13018,7/14/2021,17,12,6,2,
13019,7/14/2021,24,21,20,5,
13026,7/14/2021,42,41,8,3,1
1584,7/14/2021,40,31,11,4,33
1585,7/14/2021,,,1,1,5
13017,7/14/2021,57,44,10,6,
13020,7/14/2021,27,20,5,1,
13013,7/14/2021,54,42,18,8,
13014,7/14/2021,31,24,,5,
13252,7/14/2021,60,85,1,,1
8767,7/23/2021,46,,,,
8688,7/23/2021,38,,,,
8641,7/23/2021,53,,6.4,0.1,4.6
13012,7/23/2021,10,10,2,1,15
12488,7/23/2021,,,,9,
13251,7/22/2021,60,56,,17,
12976,6/28/2021,67,53,12,5,9
13250,7/23/2021,22,22,2,49,53
5507,7/23/2021,,,17,,
11778,7/23/2021,11,11,11,1,1
12958,7/23/2021,25,15,4,1,3
12957,7/23/2021,34,24,5,5,3
13015,4/27/2021,91,65,37,29,
13018,7/22/2021,50,42,13,3,
13019,7/22/2021,41,28,25,14,
13026,7/22/2021,73,48,15,9,
1584,7/23/2021,27,29,11,7,32
1585,7/23/2021,,,2,6,6
13017,7/22/2021,102,59,16,12,
13020,7/22/2021,41,28,10,4,
13013,7/22/2021,91,58,18,7,
13014,7/22/2021,40,29,,11,
13252,7/23/2021,43,48,1,,1
8767,7/25/2021,21,,,,
8688,7/25/2021,52,,,,
8641,7/25/2021,95,,7.8,0.1,4.6
13012,7/25/2021,5,5,2,1,15
12488,7/25/2021,,,,8,
13251,7/25/2021,74,58,,8,
12976,6/28/2021,67,53,12,5,9
13250,7/25/2021,22,1,1,38,53
5507,7/25/2021,,,13,,
11778,7/25/2021,23,25,17,1,1
12958,7/25/2021,97,59,5,3,3
12957,7/25/2021,103,77,6,6,3
13015,4/27/2021,91,65,37,29,
13018,7/25/2021,43,37,7,2,
13019,7/25/2021,50,35,17,4,
13026,7/25/2021,40,56,7,3,
1584,7/25/2021,16,42,11,2,36
1585,7/25/2021,,,4,4,6
13017,7/25/2021,78,69,10,7,
13020,7/25/2021,53,36,13,3,
13013,7/25/2021,83,60,11,4,
13014,7/25/2021,69,44,,5,
13252,7/25/2021,90,76,1,,1
8767,7/28/2021,76,,,,
8688,7/28/2021,36,,,,
8641,7/28/2021,53,,4.6,0.1,4.6
13012,7/28/2021,8,8,2,2,14
12488,7/28/2021,,,,3,
13251,7/28/2021,32,37,,2,
12976,6/28/2021,67,53,12,5,9
13250,7/28/2021,22,1,1,43,53
5507,7/28/2021,,,25,,
11778,7/27/2021,26,31,14,1,1
12958,7/28/2021,68,49,4,2,16
12957,7/28/2021,38,29,1,5,3
13015,4/27/2021,91,65,37,29,
13018,7/28/2021,18,10,5,1,
13019,7/28/2021,12,9,13,3,
13026,7/28/2021,46,34,3,1,
1584,7/28/2021,18,20,11,1,34
1585,7/28/2021,,,1,1,5
13017,7/28/2021,43,36,9,5,
13020,7/28/2021,12,9,4,1,
13013,7/28/2021,47,36,11,4,
13014,7/28/2021,18,12,,4,
13252,7/28/2021,41,58,1,,14
8767,7/31/2021,25,,,,
8688,7/30/2021,42,,,,
8641,7/31/2021,102,,9.6,0.1,5.1
13012,7/31/2021,6,5,3,2,16
12488,7/29/2021,,,,6,
13251,7/31/2021,65,56,,3,
12976,6/28/2021,67,53,12,5,9
13250,7/31/2021,188,158,1,52,55
5507,7/31/2021,,,15,,
11778,7/31/2021,18,23,6,1,2
12958,7/31/2021,60,58,16,3,13
12957,7/31/2021,42,36,7,7,3
13015,4/27/2021,91,65,37,29,
13018,7/31/2021,51,37,11,2,
13019,7/31/2021,60,46,26,5,
13026,7/31/2021,55,48,10,3,
1584,7/31/2021,24,22,11,2,41
1585,7/31/2021,,,5,2,5
13017,7/31/2021,59,60,18,6,
13020,7/31/2021,63,43,13,5,
13013,7/31/2021,68,58,17,3,
13014,20210731T08:00:00,65,46,,5,
13252,7/31/2021,134,108,1,,1
8767,8/2/2021,59,,,,
8688,8/2/2021,49,,,,
8641,8/2/2021,72,,7.8,0.1,4.6
13012,8/2/2021,15,11,3,2,16
12488,7/29/2021,,,,6,
13251,8/2/2021,40,50,,3,
12976,6/28/2021,67,53,12,5,9
13250,8/1/2021,8,8,1,62,54
5507,8/2/2021,,,16,,
11778,8/2/2021,33,33,13,1,3
12958,8/2/2021,53,45,17,3,9
12957,8/2/2021,70,57,11,8,4
13015,4/27/2021,91,65,37,29,
13018,8/2/2021,47,34,7,1,
13019,8/2/2021,28,21,14,4,
13026,8/2/2021,45,35,5,2,
1584,8/2/2021,27,26,11,3,38
1585,8/2/2021,,,4,2,6
13017,8/2/2021,52,60,7,5,
13020,8/2/2021,47,30,11,3,
13013,8/2/2021,57,53,11,4,
13014,8/2/2021,43,29,,4,
13252,8/2/2021,52,62,1,,1
8767,8/3/2021,53,,,,
8688,8/2/2021,42,,,,
8641,8/3/2021,99,,10.1,0.1,5.1
13012,8/3/2021,15,12,2,2,16
12488,8/3/2021,,,,11,
13251,8/3/2021,68,55,,4,
12976,6/28/2021,67,53,12,5,9
13250,8/3/2021,8,1,1,55,57
5507,8/3/2021,,,19,,
11778,8/3/2021,35,40,18,1,7
12958,8/3/2021,131,75,13,5,11
12957,8/3/2021,109,77,10,7,3
13015,4/27/2021,91,65,37,29,
13018,8/3/2021,65,54,12,1,
13019,8/3/2021,47,34,19,4,
13026,8/3/2021,84,55,8,3,
1584,8/3/2021,30,47,11,4,32
1585,8/3/2021,,,4,2,6
13017,8/3/2021,91,64,12,5,
13020,8/3/2021,78,51,10,2,
13013,8/3/2021,93,52,15,4,
13014,8/3/2021,66,45,,4,
13252,8/3/2021,8,3,1,,1
8767,8/9/2021,30,,,,
8688,8/2/2021,42,,,,
8641,8/9/2021,149,,6,0.1,6.1
13012,8/9/2021,16,13,3,2,16
12488,8/9/2021,,,,6,
13251,8/9/2021,79,70,,4,3
12976,6/28/2021,67,53,12,5,9
13250,8/9/2021,2,1,1,43,53
5507,8/9/2021,,,18,,
11778,8/9/2021,25,24,12,1,1
12958,8/9/2021,73,54,6,2,12
12957,8/9/2021,125,100,14,9,5
13015,4/27/2021,91,65,37,29,
13018,8/9/2021,84,57,9,3,
13019,8/9/2021,84,56,20,6,
13026,8/9/2021,117,75,7,4,
1584,8/9/2021,37,31,11,1,38
1585,8/9/2021,,,3,2,5
13017,8/9/2021,128,82,12,9,
13020,8/9/2021,104,60,12,6,
13013,8/9/2021,121,83,16,9,
13014,8/9/2021,105,61,,6,
13252,8/8/2021,69,76,1,,1
8767,8/10/2021,65,,,,
8688,8/2/2021,42,,,,
8641,8/10/2021,65,,6.9,0.1,4.6
13012,8/9/2021,16,13,3,2,16
12488,8/10/2021,,,,2,
13251,8/10/2021,30,27,,3,3
12976,6/28/2021,67,53,12,5,9
13250,8/10/2021,2,1,1,38,53
5507,8/10/2021,,,17,,
11778,8/10/2021,9,8,13,1,2
12958,8/10/2021,29,24,19,1,16
12957,8/10/2021,30,27,11,8,4
13015,4/27/2021,91,65,37,29,
13018,8/10/2021,18,12,8,1,
13019,8/10/2021,13,10,20,4,
13026,8/10/2021,24,21,8,3,
1584,8/10/2021,27,27,11,1,31
1585,8/10/2021,,,1,1,5
13017,8/10/2021,38,41,9,4,
13020,8/10/2021,23,15,8,3,
13013,8/10/2021,33,37,10,8,
13014,8/10/2021,19,13,,4,
13252,8/8/2021,69,76,1,,1
8767,8/11/2021,53,,,,
8688,8/11/2021,50,,,,
8641,8/11/2021,53,,9.2,0.2,4.6
13012,8/11/2021,16,12,4,3,16
12488,8/11/2021,,,,10,
13251,8/11/2021,18,26,,4,
12976,6/28/2021,67,53,12,5,9
13250,8/11/2021,2,1,1,38,53
5507,8/11/2021,,,17,,
11778,8/11/2021,13,14,11,1,1
12958,8/11/2021,32,34,18,1,6
12957,8/11/2021,53,37,6,7,4
13015,4/27/2021,91,65,37,29,
13018,8/11/2021,28,23,10,1,
13019,8/11/2021,29,21,21,3,
13026,8/11/2021,31,22,8,2,
1584,8/11/2021,32,29,11,3,30
1585,8/11/2021,,,1,2,6
13017,8/11/2021,50,52,8,3,
13020,8/11/2021,1,1,5,3,
13013,8/11/2021,56,32,21,3,
13014,8/11/2021,42,27,,3,
13252,8/8/2021,69,76,1,,1
8767,8/12/2021,50,,,,
8688,8/12/2021,58,,,,
8641,8/12/2021,61,,16.5,0.2,5.1
13012,8/12/2021,5,5,5,3,16
12488,8/12/2021,,,,8,
13251,8/12/2021,29,21,,3,
12976,6/28/2021,67,53,12,5,9
13250,8/12/2021,2,1,3,37,53
5507,8/12/2021,,,21,,
11778,8/12/2021,10,11,10,1,1
12958,8/12/2021,22,25,8,2,6
12957,8/12/2021,36,31,13,9,4
13015,4/27/2021,91,65,37,29,
13018,8/12/2021,38,25,11,4,
13019,8/12/2021,30,21,16,3,
13026,8/12/2021,20,11,4,2,
1584,8/12/2021,37,29,10,2,32
1585,8/12/2021,,,1,2,6
13017,8/12/2021,71,82,6,3,
13020,8/11/2021,1,1,5,3,
13013,8/12/2021,75,45,20,7,
13014,8/12/2021,42,27,,3,
13252,8/8/2021,69,76,1,,1
8767,8/14/2021,34,,,,
8688,8/14/2021,71,,,,
8641,8/14/2021,80,,4.6,0.1,4.6
13012,8/14/2021,8,9,5,3,16
12488,8/14/2021,,,,4,
13251,8/14/2021,49,51,,5,
12976,6/28/2021,67,53,12,5,9
13250,8/14/2021,2,1,2,41,53
5507,8/14/2021,,,8,,
11778,8/14/2021,14,14,8,1,1
12958,8/14/2021,47,54,10,1,13
12957,8/14/2021,27,26,6,6,4
13015,4/27/2021,91,65,37,29,
13018,8/13/2021,16,11,7,2,
13019,8/14/2021,24,20,19,4,
13026,8/14/2021,58,46,7,3,
1584,8/14/2021,15,14,11,1,30
1585,8/14/2021,,,1,1,6
13017,8/13/2021,40,35,8,6,
13020,8/11/2021,1,1,5,3,
13013,8/13/2021,44,45,10,7,
13014,8/14/2021,38,27,,5,
13252,8/14/2021,85,89,,,1
8767,8/16/2021,107,,,,
8688,8/16/2021,55,,,,
8641,8/16/2021,107,,5.5,0.2,4.6
13012,8/16/2021,11,11,3,2,15
12488,8/16/2021,,,,6,
13251,8/15/2021,69,1,,3,
12976,6/28/2021,67,53,12,5,9
13250,8/16/2021,2,1,1,62,52
5507,8/16/2021,,,14,,
11778,8/15/2021,11,12,4,1,1
12958,8/16/2021,41,58,10,1,13
12957,8/14/2021,27,26,6,6,4
13015,4/27/2021,91,65,37,29,
13018,8/16/2021,56,51,9,2,
13019,8/16/2021,25,21,18,5,
13026,8/16/2021,39,36,5,2,
1584,8/16/2021,27,18,11,1,32
1585,8/16/2021,,,1,1,6
13017,8/16/2021,70,69,9,4,
13020,8/16/2021,51,33,7,7,
13013,8/16/2021,80,61,26,18,
13014,8/16/2021,41,29,,4,
13252,8/16/2021,59,91,,,1
8767,8/17/2021,91,,,,
8688,8/17/2021,63,,,,
8641,8/17/2021,95,,6,0.1,5.1
13012,8/17/2021,19,14,4,4,16
12488,8/17/2021,,,,6,
13251,8/15/2021,69,1,,3,
12976,6/28/2021,67,53,12,5,9
13250,8/17/2021,,1,1,40,52
5507,8/17/2021,,,11,,
11778,8/15/2021,11,12,4,1,1
12958,8/17/2021,16,22,6,1,11
12957,8/17/2021,31,28,7,7,4
13015,4/27/2021,91,65,37,29,
13018,8/16/2021,16,10,9,1,
13019,8/16/2021,15,12,21,5,
13026,8/17/2021,23,19,6,2,
1584,8/17/2021,23,16,11,1,34
1585,8/17/2021,,,1,1,6
13017,8/16/2021,52,37,10,5,
13020,8/16/2021,27,18,12,7,
13013,8/16/2021,46,60,10,10,
13014,8/16/2021,19,13,,5,
13252,8/17/2021,46,70,1,,1
8767,8/18/2021,68,,,,
8688,8/17/2021,52,,,,
8641,8/18/2021,80,,7.8,0.1,5.6
13012,8/18/2021,32,24,5,4,16
12488,8/18/2021,,,,7,
13251,8/15/2021,69,1,,3,
12976,6/28/2021,67,53,12,5,9
13250,8/18/2021,,1,1,38,54
5507,8/18/2021,,,11,,
11778,8/18/2021,12,16,6,1,1
12958,8/18/2021,25,27,4,2,9
12957,8/18/2021,31,28,5,7,4
13015,4/27/2021,91,65,37,29,
13018,8/17/2021,11,8,10,3,
13019,8/17/2021,10,9,18,5,
13026,8/18/2021,27,19,7,2,
1584,8/18/2021,26,16,11,1,32
1585,8/18/2021,,,1,1,6
13017,8/17/2021,38,39,11,5,
13020,8/17/2021,10,8,10,5,
13013,8/17/2021,37,33,12,23,
13014,8/17/2021,11,9,,5,
13252,8/18/2021,41,70,1,,1
8767,8/19/2021,76,,,,
8688,8/17/2021,52,,,,
8641,8/19/2021,55,,6.4,0.1,5.1
13012,8/19/2021,14,12,3,2,15
12488,8/19/2021,,,,1,
13251,8/15/2021,69,1,,3,
12976,6/28/2021,67,53,12,5,9
13250,8/19/2021,,1,1,39,53
5507,8/19/2021,,,7,,
11778,8/19/2021,12,13,4,1,12
12958,8/19/2021,29,27,3,1,13
12957,8/19/2021,31,28,2,6,4
13015,4/27/2021,91,65,37,29,
13018,8/19/2021,19,13,6,2,
13019,8/19/2021,10,9,24,4,
13026,8/19/2021,20,29,9,2,
1584,8/19/2021,30,19,11,1,34
1585,8/19/2021,,,1,1,5
13017,8/19/2021,40,36,12,4,
13020,8/19/2021,10,8,8,4,
13013,8/19/2021,32,52,30,21,
13014,8/19/2021,13,11,,4,
13252,8/19/2021,45,88,1,,1
8767,8/21/2021,78,,,,
8688,8/17/2021,52,,,,
8641,8/21/2021,72,,5.5,0.1,4.6
13012,8/21/2021,17,13,3,2,16
12488,8/21/2021,,,,7,
13251,8/15/2021,69,1,,3,
12976,6/28/2021,67,53,12,5,9
13250,8/21/2021,,1,1,40,53
5507,8/21/2021,,,7,,
11778,8/21/2021,13,15,4,1,16
12958,8/21/2021,31,40,7,1,12
12957,8/20/2021,29,4,5,7,3.6
13015,4/27/2021,91,65,37,29,
13018,8/21/2021,42,31,10,1,
13019,8/21/2021,26,20,19,4,
13026,8/21/2021,50,45,10,2,
1584,8/21/2021,32,20,11,1,31
1585,8/20/2021,,,1,1,6
13017,8/21/2021,58,58,13,3,
13020,8/21/2021,40,27,13,3,
13013,8/21/2021,62,50,26,17,
13014,8/21/2021,35,25,,5,
13252,8/19/2021,64,103,1,,1
8767,8/23/2021,70,,,,
8688,8/17/2021,52,,,,
8641,8/23/2021,63,,2.8,0.1,4.6
13012,8/23/2021,8,10,5,3,16
12488,8/23/2021,,,,6,
13251,8/15/2021,69,1,,3,
12976,6/28/2021,67,53,12,5,9
13250,8/23/2021,2,1,3,39,3.2
5507,8/23/2021,,,8,,
11778,8/23/2021,15,14,4,1,18
12958,8/23/2021,48,53,8,1,12
12957,8/23/2021,,,3,7,5
13015,4/27/2021,91,65,37,29,
13018,8/23/2021,21,14,9,1,
13019,8/23/2021,22,19,14,3,
13026,8/23/2021,50,44,10,3,
1584,8/23/2021,29,20,11,1,31
1585,8/23/2021,,,1,1,6
13017,8/23/2021,45,52,7,3,
13020,8/23/2021,38,27,10,3,
13013,8/23/2021,59,58,18,7,
13014,8/23/2021,33,25,,5,
13252,8/19/2021,64,103,1,,1
8767,8/26/2021,65,,,,
8688,8/17/2021,52,,,,
8641,8/26/2021,42,,6.4,0.1,5.1
13012,8/26/2021,10,8,3,2,16
12488,8/26/2021,,,,7,
13251,8/15/2021,69,1,,3,
12976,6/28/2021,67,53,12,5,9
13250,8/26/2021,23,1,1,53,1.6
5507,8/26/2021,,,12,,
11778,8/26/2021,7,8,8,1,19
12958,8/26/2021,19,18,9,1,12
12957,8/26/2021,,,5,7,4
13015,4/27/2021,91,65,37,29,
13018,8/25/2021,19,14,14,2,
13019,8/25/2021,16,13,20,3,
13026,8/26/2021,35,29,7,1,
1584,8/26/2021,25,16,11,1,35
1585,8/26/2021,,,1,1,6
13017,8/25/2021,40,41,8,3,
13020,8/25/2021,22,17,9,3,
13013,8/25/2021,43,36,28,16,
13014,8/25/2021,24,17,,3,
13252,8/19/2021,64,103,1,,1
8767,8/27/2021,50,,,,
8688,8/17/2021,52,,,,
8641,8/27/2021,63,,10.1,0.1,5.6
13012,8/27/2021,14,13,3,2,16
12488,8/27/2021,,,,5,
13251,8/15/2021,69,1,,3,
12976,6/28/2021,67,53,12,5,9
13250,8/26/2021,23,1,1,43,1.7
5507,8/27/2021,,,10,,
11778,8/27/2021,13,16,8,1,19
12958,8/27/2021,38,32,7,1,11
12957,8/27/2021,,,5,7,4
13015,4/27/2021,91,65,37,29,
13018,8/25/2021,19,14,14,2,
13019,8/25/2021,16,13,20,3,
13026,8/26/2021,35,29,7,1,
1584,8/27/2021,32,18,11,1,36
1585,8/27/2021,,,1,1,6
13017,8/25/2021,40,41,8,3,
13020,8/25/2021,22,17,9,3,
13013,8/25/2021,43,36,28,16,
13014,8/25/2021,24,17,,3,
13252,8/19/2021,64,103,1,,1
8767,8/28/2021,57,,,,
8688,8/17/2021,52,,,,
8641,8/28/2021,46,,8.3,0.1,5.1
13012,8/28/2021,9,8,2,1,16
12488,8/28/2021,,,,6,
13251,8/15/2021,69,1,,3,
12976,6/28/2021,67,53,12,5,9
13250,8/28/2021,18,1,1,38,1.7
5507,8/28/2021,,,10,,
11778,8/28/2021,11,13,9,1,21
12958,8/28/2021,21,17,4,1,11
12957,8/28/2021,,,7,7,4
13015,4/27/2021,91,65,37,29,
13018,8/25/2021,19,14,14,2,
13019,8/25/2021,16,13,20,3,
13026,8/26/2021,35,29,7,1,
1584,8/28/2021,18,11,11,1,35
1585,8/28/2021,,,1,1,6
13017,8/25/2021,40,41,8,3,
13020,8/25/2021,22,17,9,3,
13013,8/25/2021,43,36,28,16,
13014,8/25/2021,24,17,,3,
13252,8/19/2021,64,103,1,,1
8767,8/31/2021,68,,,,
8688,8/17/2021,52,,,,
8641,8/31/2021,124,,9.2,0.1,5.1
13012,8/31/2021,26,18,4,2,16
12488,8/31/2021,,,,10,
13251,8/15/2021,69,1,,3,
12976,6/28/2021,67,53,12,5,9
13250,8/31/2021,2,1,3,45,1.9
5507,8/31/2021,,,10,,
11778,8/31/2021,21,25,11,2,24
12958,8/31/2021,79,53,8,2,12
12957,8/31/2021,,,11,7,4
13015,4/27/2021,91,65,37,29,
13018,8/30/2021,30,20,10,1,
13019,8/30/2021,24,18,19,4,
13026,8/31/2021,32,29,12,2,
1584,8/31/2021,29,20,11,1,34
1585,8/31/2021,,,1,1,6
13017,8/30/2021,40,53,9,4,
13020,8/30/2021,34,21,7,3,
13013,8/30/2021,53,60,24,15,
13014,8/30/2021,35,23,,5,
13252,8/19/2021,64,103,1,,1
8767,9/1/2021,25,,,,
8688,8/17/2021,52,,,,
8641,9/1/2021,127,,6.9,0.1,5.1
13012,9/1/2021,18,16,4,2,17
12488,9/1/2021,,,,8,
13251,8/15/2021,69,1,,3,
12976,6/28/2021,67,53,12,5,9
13250,9/1/2021,2,1,2,41,1.9
5507,9/1/2021,,,14,,
11778,9/1/2021,15,18,9,1,23
12958,9/1/2021,80,52,5,2,12
12957,9/1/2021,,,8,7,4
13015,4/27/2021,91,65,37,29,
13018,9/1/2021,59,47,13,1,
13019,9/1/2021,33,26,22,4,
13026,9/1/2021,35,37,10,2,
1584,9/1/2021,35,24,10,1,35
1585,9/1/2021,,,1,1,6
13017,9/1/2021,83,63,13,6,
13020,9/1/2021,49,33,15,3,
13013,9/1/2021,92,67,21,24,
13014,9/1/2021,58,41,,4,
13252,8/19/2021,64,103,1,,1
8767,9/4/2021,42,,,,
8688,8/17/2021,52,,,,
8641,9/4/2021,76,,3.2,0.1,4.6
13012,9/4/2021,4,4,2,1,15
12488,9/4/2021,,,,2,
13251,8/15/2021,69,1,,3,
12976,6/28/2021,67,53,12,5,9
13250,9/4/2021,2,1,3,38,1
5507,9/4/2021,,,6,,
11778,9/4/2021,9,9,4,1,23
12958,9/4/2021,35,34,5,1,3
12957,9/4/2021,,,1,5,4
13015,4/27/2021,91,65,37,29,
13018,9/4/2021,23,13,3,1,
13019,9/4/2021,22,16,24,3,
13026,9/4/2021,42,23,10,2,
1584,9/4/2021,16,14,11,1,36
1585,9/4/2021,,,1,1,6
13017,9/4/2021,63,51,14,4,
13020,9/4/2021,22,15,5,5,
13013,9/4/2021,62,53,11,8,
13014,9/4/2021,30,20,,4,
13252,8/19/2021,64,103,1,,1
8767,9/6/2021,34,,,,
8688,8/17/2021,52,,,,
8641,9/6/2021,82,,7.4,0.1,5.1
13012,9/6/2021,8,9,2,1,16
12488,9/6/2021,,,,8,
13251,8/15/2021,69,1,,3,
12976,6/28/2021,67,53,12,5,9
13250,9/6/2021,2,1,1,38,0.3
5507,9/6/2021,,,13,,
11778,9/6/2021,17,22,12,2,24
12958,9/6/2021,110,63,5,4,3
12957,9/6/2021,,,7,7,4
13015,4/27/2021,91,65,37,29,
13018,9/6/2021,40,29,7,1,
13019,9/6/2021,28,22,19,3,
13026,9/6/2021,48,34,8,2,
1584,9/6/2021,18,11,10,2,35
1585,9/6/2021,,,1,1,6
13017,9/6/2021,45,51,11,4,
13020,9/6/2021,49,31,9,3,
13013,9/6/2021,63,64,19,14,
13014,9/6/2021,37,28,,3,
13252,8/19/2021,64,103,1,,1
8767,9/8/2021,21,,,,
8688,8/17/2021,52,,,,
8641,9/8/2021,95,,7.4,0.1,5.6
13012,9/8/2021,13,14,6,3,17
12488,9/8/2021,,,,4,
13251,8/15/2021,69,1,,3,
12976,6/28/2021,67,53,12,5,9
13250,9/8/2021,2,1,1,47,0.1
5507,9/8/2021,,,11,,
11778,9/8/2021,10,12,5,1,20
12958,9/8/2021,45,37,3,2,4
12957,9/8/2021,,,6,5,4
13015,4/27/2021,91,65,37,29,
13018,9/8/2021,42,27,18,1,
13019,9/8/2021,39,28,25,5,
13026,9/8/2021,44,43,15,2,
1584,9/8/2021,21,14,11,2,36
1585,9/8/2021,,,1,1,6
13017,9/8/2021,64,62,9,7,
13020,9/8/2021,65,42,10,3,
13013,9/8/2021,63,52,31,18,
13014,9/8/2021,46,31,,5,
13252,8/19/2021,64,103,1,,1
8767,9/10/2021,38,,,,
8688,8/17/2021,52,,,,
8641,9/10/2021,65,,6.4,0.1,5.1
13012,9/10/2021,4,6,4,2,16
12488,9/10/2021,,,,9,
13251,8/15/2021,69,1,,3,
12976,6/28/2021,67,53,12,5,9
13250,9/10/2021,184,152,4,40,0.7
5507,9/10/2021,,,12,,
11778,9/10/2021,8,10,2,2,23
12958,9/10/2021,38,32,3,1,13
12957,9/10/2021,,,2,4,4
13015,4/27/2021,91,65,37,29,
13018,9/10/2021,22,16,4,1,
13019,9/10/2021,16,13,17,3,
13026,9/10/2021,55,37,5,2,
1584,9/10/2021,23,15,11,2,34
1585,9/10/2021,,,1,2,6
13017,9/10/2021,57,41,10,5,
13020,9/9/2021,1,1,10,13,
13013,9/10/2021,60,54,17,7,
13014,9/10/2021,23,16,,3,
13252,8/19/2021,64,103,1,,1
8767,9/17/2021,50,,,,
8688,8/17/2021,52,,,,
8641,9/17/2021,55,,10.1,0.1,5.1
13012,9/17/2021,16,13,4,1,15
12488,9/17/2021,,,,2,
13251,8/15/2021,69,1,,3,
12976,6/28/2021,67,53,12,5,9
13250,9/17/2021,10,1,1,44,53
5507,9/17/2021,,,12,,
11778,9/17/2021,13,17,4,1,23
12958,9/17/2021,18,23,9,3,15
12957,9/17/2021,,,1,5,4
13015,4/27/2021,91,65,37,29,
13018,9/17/2021,28,22,8,1,
13019,9/17/2021,25,19,25,5,
13026,9/17/2021,38,25,12,2,
1584,9/17/2021,33,24,11,1,35
1585,9/17/2021,,,1,1,6
13017,9/17/2021,51,45,8,4,
13020,9/17/2021,50,31,9,6,
13013,9/17/2021,52,53,19,9,
13014,9/17/2021,27,19,,4,
13252,9/17/2021,52,109,,,1
8767,9/21/2021,25,,,,
8688,8/17/2021,52,,,,
8641,9/21/2021,160,,8.3,0.1,6.6
13012,9/21/2021,10,9,5,3,16
12488,9/21/2021,,,,4,
13251,8/15/2021,69,1,,3,
12976,6/28/2021,67,53,12,5,9
13250,9/21/2021,10,1,1,55,53
5507,9/21/2021,,,10,,
11778,9/17/2021,13,17,4,1,23
12958,9/21/2021,38,37,5,1,13
12957,9/21/2021,,,8,6,4
13015,4/27/2021,91,65,37,29,
13018,9/21/2021,69,51,8,1,
13019,9/21/2021,86,56,16,5,
13026,9/21/2021,107,59,11,4,
1584,9/21/2021,18,12,11,1,33
1585,9/21/2021,,,1,2,6
13017,9/21/2021,119,84,16,7,
13020,9/21/2021,28,66,15,6,
13013,9/21/2021,100,70,31,33,
13014,9/21/2021,105,58,,6,
13252,9/21/2021,86,127,,,2
8767,9/23/2021,50,,,,
8688,8/17/2021,52,,,,
8641,9/23/2021,59,,7.4,0.1,5.1
13012,9/23/2021,7,6,5,3,18
12488,9/23/2021,,,,6,
13251,8/15/2021,69,1,,3,
12976,6/28/2021,67,53,12,5,9
13250,9/23/2021,2,1,2,45,54
5507,9/23/2021,,,11,,
11778,9/23/2021,14,21,8,1,37
12958,9/23/2021,35,30,4,1,7
12957,9/23/2021,,,4,5,5
13015,4/27/2021,91,65,37,29,
13018,9/23/2021,30,21,4,1,
13019,9/23/2021,19,13,19,3,
13026,9/23/2021,44,36,8,2,
1584,9/23/2021,10,6,10,1,34
1585,9/23/2021,,,1,3,7
13017,9/23/2021,89,53,12,8,
13020,9/23/2021,22,15,8,3,
13013,9/23/2021,91,71,15,4,
13014,9/23/2021,29,19,,4,
13252,9/23/2021,57,113,,,1
8767,9/30/2021,53,,,,
8688,8/17/2021,52,,,,
8641,9/30/2021,93,,9.2,0.1,5.6
13012,9/30/2021,14,12,3,2,15
12488,9/29/2021,,,,4,
13251,9/30/2021,,,,6,
12976,6/28/2021,67,53,12,5,9
13250,9/30/2021,,1,2,46,55
5507,9/30/2021,,,9,,
11778,9/30/2021,25,26,3,1,17
12958,9/30/2021,63,52,2,1,8
12957,9/30/2021,,,2,5,4
13015,4/27/2021,91,65,37,29,
13018,9/30/2021,65,47,7,2,
13019,9/30/2021,78,52,29,8,
13026,9/30/2021,89,63,11,6,
1584,9/30/2021,44,32,10,1,39
1585,9/30/2021,,,1,1,6
13017,9/30/2021,114,65,17,12,
13020,9/30/2021,60,40,16,7,
13013,9/30/2021,101,75,28,27,
13014,9/30/2021,108,60,,9,
13252,9/30/2021,83,86,1,,1
8767,10/8/2021,156,,,,
8688,8/17/2021,52,,,,
8641,10/8/2021,114,,6,0.1,5.6
13012,10/8/2021,7,5,5,3,17
12488,10/7/2021,,,,5,
13251,10/7/2021,,,,10,
12976,6/28/2021,67,53,12,5,9
13250,10/8/2021,2,1,2,55,59
5507,10/8/2021,,,11,,
11778,10/8/2021,,,2,,13
12958,10/8/2021,88,58,6,3,10
12957,10/8/2021,,,4,3,7
13015,4/27/2021,91,65,37,29,
13018,10/8/2021,111,65,19,1,
13019,10/8/2021,94,57,26,5,
13026,10/8/2021,140,81,13,5,
1584,10/8/2021,37,20,11,3,38
1585,10/8/2021,,,1,4,7
13017,10/8/2021,146,90,16,9,
13020,10/8/2021,133,69,20,6,
13013,10/8/2021,152,101,29,31,
13014,10/8/2021,132,69,,9,
13252,10/8/2021,139,101,,,1
8767,10/8/2021,17,,,,
8688,8/17/2021,52,,,,
8641,10/11/2021,46,,7.8,0.1,5.1
13012,10/11/2021,17,18,7,5,16
12488,10/11/2021,,,,5,
13251,10/7/2021,,,,10,
12976,6/28/2021,67,53,12,5,9
13250,10/11/2021,2,1,,42,53
5507,10/11/2021,,,10,,
11778,10/11/2021,,,5,,10
12958,10/11/2021,1,1,2,2,8
12957,10/11/2021,,,1,6,4
13015,4/27/2021,91,65,37,29,
13018,10/10/2021,13,8,5,2,
13019,10/10/2021,11,8,18,3,
13026,10/11/2021,21,9,14,3,
1584,10/11/2021,62,40,11,9,35
1585,10/11/2021,,,1,3,7
13017,10/10/2021,41,45,9,8,
13020,10/9/2021,54,32,20,6,
13013,10/10/2021,37,38,19,5,
13014,10/10/2021,22,15,,3,
13252,10/11/2021,17,17,,,2
8767,10/13/2021,30,,,,
8688,8/17/2021,52,,,,
8641,10/14/2021,50,,6,0.1,5.1
13012,10/14/2021,22,15,11,4,17
12488,10/14/2021,,,,10,
13251,10/7/2021,,,,10,
12976,6/28/2021,67,53,12,5,9
13250,10/14/2021,12,2,1,44,1.5
5507,10/14/2021,,,8,,
11778,10/14/2021,,,2,,9
12958,10/14/2021,15,26,1,1,7
12957,10/14/2021,,,3,6,6
13015,4/27/2021,91,65,37,29,
13018,10/13/2021,16,15,5,2,
13019,10/13/2021,33,23,25,4,
13026,10/13/2021,36,28,15,4,
1584,10/14/2021,50,36,11,9,38
1585,10/14/2021,,,1,3,6
13017,10/13/2021,61,55,13,10,
13020,10/13/2021,48,31,27,6,
13013,10/13/2021,42,53,22,20,
13014,10/10/2021,22,15,,3,
13252,10/14/2021,18,20,,,1
8767,10/13/2021,30,,,,
8688,8/17/2021,52,,,,
8641,10/18/2021,53,,6.9,0.1,5.1
13012,10/18/2021,3,4,1,1,17
12488,10/18/2021,,,,13,
13251,10/7/2021,,,,10,
12976,6/28/2021,67,53,12,5,9
13250,10/18/2021,12,1,1,48,99.1
5507,10/18/2021,,,8,,
11778,10/18/2021,,,3,,10
12958,10/18/2021,32,22,3,2,7
12957,10/18/2021,,,3,6,7
13015,4/27/2021,91,65,37,29,
13018,10/18/2021,40,23,11,3,
13019,10/18/2021,19,35,30,6,
13026,10/18/2021,18,12,13,4,
1584,10/18/2021,2,1,11,1,35
1585,10/18/2021,,,1,5,7
13017,10/18/2021,54,39,25,26,
13020,10/18/2021,31,17,19,4,
13013,10/18/2021,56,45,22,17,
13014,10/18/2021,42,27,,4,
13252,10/18/2021,70,113,,,1
8767,10/13/2021,30,,,,
8688,8/17/2021,52,,,,
8641,10/20/2021,173,,22,0.2,6.6
13012,10/20/2021,25,21,6,4,17
12488,10/20/2021,,,,11,
13251,10/7/2021,,,,10,
12976,6/28/2021,67,53,12,5,9
13250,10/20/2021,12,1,2,50,99.1
5507,10/20/2021,,,16,,
11778,10/20/2021,,,10,,10
12958,10/19/2021,24,17,2,2,22
12957,10/20/2021,,,10,8,7
13015,4/27/2021,91,65,37,29,
13018,10/19/2021,75,42,14,6,
13019,10/20/2021,155,87,38,17,
13026,10/20/2021,107,83,21,10,
1584,10/20/2021,45,33,12,4,12
1585,10/20/2021,,,1,4,7
13017,10/19/2021,107,78,33,10,
13020,10/19/2021,70,47,33,12,
13013,10/19/2021,114,85,27,26,
13014,10/19/2021,80,55,,14,
13252,10/20/2021,76,138,,,1
8767,10/25/2021,46,,,,
8688,8/17/2021,52,,,,
8641,10/25/2021,109,,11,0.1,6.1
13012,10/25/2021,8,7,1,1,16
12488,10/25/2021,,,,6,
13251,10/7/2021,,,,10,
12976,6/28/2021,67,53,12,5,9
13250,10/25/2021,2.1,1,1,45,56
5507,10/25/2021,,,12,,
11778,10/25/2021,,,10,12,29
12958,10/19/2021,24,17,2,2,22
12957,10/25/2021,,,1,4,7
13015,4/27/2021,91,65,37,29,
13018,10/25/2021,79,49,7,3,
13019,10/25/2021,70,49,32,5,
13026,10/25/2021,116,69,11,3,
1584,10/25/2021,24,15,14,2,12
1585,10/25/2021,,,1,2,7
13017,10/25/2021,124,78,26,13,
13020,10/25/2021,55,49,21,3,
13013,10/25/2021,122,79,21,16,
13014,10/25/2021,82,53,,3,
13252,10/25/2021,104,142,,,1
8767,11/1/2021,82,,,,
8688,8/17/2021,52,,,,
8641,11/1/2021,34,,6.4,0.1,5.1
13012,11/1/2021,8,7,1,1,17
12488,11/1/2021,,,,5,
13251,10/7/2021,,,,10,
12976,6/28/2021,67,53,12,5,9
13250,11/1/2021,2,1,1,47,453
5507,11/1/2021,,,14,,
11778,11/1/2021,,,3,8,27
12958,10/19/2021,24,17,2,2,22
12957,11/1/2021,,,1,6,6
13015,4/27/2021,91,65,37,29,
13018,11/1/2021,18,10,6,5,
13019,11/1/2021,43,26,22,6,
13026,11/1/2021,26,19,15,5,
1584,11/1/2021,21,12,15,1,12
1585,11/1/2021,,,1,3,7
13017,11/1/2021,28,28,11,5,
13020,11/1/2021,24,19,16,4,
13013,11/1/2021,40,44,23,22,
13014,11/1/2021,24,19,,5,
13252,11/1/2021,23,17,,,2
8767,11/4/2021,9,,,,
8688,8/17/2021,52,,,,
8641,11/4/2021,87,,19.2,0.3,5.6
13012,11/4/2021,17,13,2,1,1
12488,11/4/2021,,,,20,
13251,10/7/2021,,,,10,
12976,6/28/2021,67,53,12,5,9
13250,11/4/2021,2,1,1,44,500
5507,11/4/2021,,,17,,
11778,11/4/2021,46,44,24,10,35
12958,10/19/2021,24,17,2,2,22
12957,11/4/2021,,,1,7,6
13015,4/27/2021,91,65,37,29,
13018,11/3/2021,62,34,23,15,
13019,11/3/2021,121,76,48,64,
13026,11/4/2021,65,56,17,5,
1584,11/4/2021,38,26,24,7,13
1585,11/4/2021,,,1,5,7
13017,11/3/2021,103,72,44,21,
13020,11/3/2021,72,42,47,20,
13013,11/3/2021,109,83,46,33,
13014,11/3/2021,72,52,,39,
13252,11/3/2021,21,54,,,5
8767,11/7/2021,78,,,,
8688,8/17/2021,52,,,,
8641,11/7/2021,68,,10.1,0.1,5.6
13012,11/7/2021,27,21,2,1,1
12488,11/7/2021,,,,8,
13251,10/7/2021,,,,10,
12976,6/28/2021,67,53,12,5,9
13250,11/7/2021,,1,1,45,500
5507,11/7/2021,,,13,,
11778,11/7/2021,19,21,10,12,25
12958,11/7/2021,,,5,1,10
12957,11/7/2021,,,,5,6
13015,4/27/2021,91,65,37,29,
13018,11/7/2021,41,24,2,2,
13019,11/7/2021,54,40,25,5,
13026,11/7/2021,43,48,7,3,
1584,11/7/2021,45,32,12,3,12
1585,11/7/2021,,,1,2,9
13017,11/7/2021,86,65,32,19,
13020,11/7/2021,42,33,16,3,
13013,11/7/2021,86,73,23,23,
13014,11/7/2021,35,29,,2,
13252,11/3/2021,21,54,,,5
8767,11/10/2021,97,,,,
8688,8/17/2021,52,,,,
8641,11/10/2021,59,,7.8,0.1,6.1
13012,11/10/2021,6,6,1,1,1
12488,11/10/2021,,,,10,
13251,10/7/2021,,,,10,
12976,6/28/2021,67,53,12,5,9
13250,11/10/2021,99.2,1,,45,500
5507,11/10/2021,,,12,,
11778,11/10/2021,18,35,5,25,23
12958,11/10/2021,,,2,1,11
12957,11/10/2021,,,,6,7
13015,4/27/2021,91,65,37,29,
13018,11/10/2021,4,3,3,1,
13019,11/10/2021,40,33,33,5,
13026,11/10/2021,74,52,13,4,
1584,11/9/2021,11,7,11,1,12
1585,11/10/2021,,,1,4,7
13017,11/10/2021,46,55,20,15,
13020,11/10/2021,27,19,21,3,
13013,11/10/2021,52,57,24,19,
13014,11/10/2021,32,25,,5,
13252,11/10/2021,50,92,,,3
8767,11/16/2021,65,,,,
8688,8/17/2021,52,,,,
8641,11/16/2021,174,,17.9,0.1,7.1
13012,11/16/2021,5,4,1,1,1
12488,11/16/2021,,,,5,
13251,10/7/2021,,,,10,
12976,6/28/2021,67,53,12,5,9
13250,11/16/2021,99.1,1,,50,500
5507,11/16/2021,,,29,,
11778,11/16/2021,46,46,14,7,34
12958,11/16/2021,,,5,3,11
12957,11/15/2021,,,,6,8
13015,4/27/2021,91,65,37,29,
13018,11/16/2021,95,51,11,3,
13019,11/16/2021,167,94,42,6,
13026,11/16/2021,146,102,21,6,
1584,11/9/2021,11,7,11,1,12
1585,11/16/2021,,,1,5,7
13017,11/16/2021,178,140,53,19,
13020,11/16/2021,69,43,23,5,
13013,11/16/2021,162,119,41,15,
13014,11/16/2021,186,105,,7,
13252,11/16/2021,101,64,10,,1
8767,11/20/2021,114,,,,
8688,8/17/2021,52,,,,
8641,11/20/2021,158,,11.9,0.2,5.1
13012,11/20/2021,27,18,1,1,2
12488,11/20/2021,,,,8,
13251,10/7/2021,,,,10,
12976,6/28/2021,67,53,12,5,9
13250,11/20/2021,3,2,2,50,500
5507,11/20/2021,,,22,,
11778,11/20/2021,44,39,20,7,31
12958,11/20/2021,,,33,4,10
12957,11/20/2021,,,,6,5
13015,4/27/2021,91,65,37,29,
13018,11/20/2021,149,66,12,7,
13019,11/20/2021,162,86,24,7,
13026,11/19/2021,165,104,22,8,
1584,11/9/2021,11,7,11,1,12
1585,11/20/2021,,,2,6,7
13017,11/20/2021,195,154,24,49,
13020,11/20/2021,159,75,18,5,
13013,11/20/2021,189,145,32,46,
13014,11/20/2021,171,93,,8,
13252,11/20/2021,39,31,5,,2
8767,11/26/2021,89,,,,
8688,8/17/2021,52,,,,
8641,11/26/2021,151,,11,0.1,6.1
13012,11/26/2021,14,11,1,1,1
12488,11/26/2021,,,,11,
13251,10/7/2021,,,,10,
12976,6/28/2021,67,53,12,5,9
13250,11/26/2021,14,8,,50,401
5507,11/26/2021,,,26,,
11778,11/26/2021,48,58,11,8,32
12958,11/26/2021,,,6,2,10
12957,11/26/2021,,,,5,17
13015,4/27/2021,91,65,37,29,
13018,11/25/2021,40,34,9,4,
13019,11/25/2021,129,76,58,13,
13026,11/26/2021,124,77,17,4,
1584,11/26/2021,27,18,12,5,12
1585,11/26/2021,,,1,2,7
13017,11/26/2021,150,102,26,5,
13020,11/26/2021,98,53,21,6,
13013,11/26/2021,135,97,34,33,
13014,11/26/2021,133,70,,4,
13252,11/26/2021,87,79,20,,1
8767,11/29/2021,93,,,,
8688,8/17/2021,52,,,,
8641,11/29/2021,107,,13.3,0.1,6.6
13012,11/29/2021,4,4,1,1,1
12488,11/29/2021,,,,13,
13251,10/7/2021,,,,10,
12976,6/28/2021,67,53,12,5,9
13250,11/29/2021,10,5,,50,434
5507,11/29/2021,,,15,,
11778,11/29/2021,66,67,44,12,55
12958,11/29/2021,,,6,2,14
12957,11/29/2021,,,,6,13
13015,4/27/2021,91,65,37,29,
13018,11/29/2021,143,72,16,6,
13019,11/29/2021,89,107,20,5,
13026,11/29/2021,148,77,10,2,
1584,11/29/2021,59,33,12,2,12
1585,11/29/2021,,,1,2,7
13017,11/29/2021,168,126,40,11,
13020,11/29/2021,130,68,30,7,
13013,11/29/2021,162,108,37,20,
13014,11/29/2021,149,76,,7,
13252,11/29/2021,77,114,5,,2
